Phone,Name,BillingStreet,BillingCity,BillingCountry,BillingPostalCode
859-607-6734,Isahella Sandyford,9 Esch Hill,Mekarsari,Brazil,73130-136
342-304-9519,Dag Gilmour,84 Main Center,Jrashen,Brazil,73130-229
513-707-8817,Lief Lipp,73 Emmet Road,Atami,Brazil,73130-118
934-499-8610,Shawn Piatek,31 Artisan Drive,Kademangan,Brazil,73368-152
754-501-2560,Thatch Gealle,7663 Warbler Crossing,Osogbo,Brazil,73130-355
275-255-4206,Deeann Slowly,980 New Castle Drive,Los Andes,Brazil,73130-358
472-934-1856,Cecilius Winsley,2 Killdeer Parkway,San Pedro Apartado,Brazil,73130-172
389-645-4993,Dani Annakin,7 Cherokee Terrace,Pindorama,Brazil,73130-355
114-829-1747,Ferris Chatband,2 Ridge Oak Point,Rancagadog,Brazil,73130-286
216-668-5632,Dulce Loweth,712 Oneill Hill,Linoan,Brazil,73130-154
374-782-5124,Benedick Osipenko,49847 Butternut Alley,Alejo Ledesma,Brazil,73130-403
950-369-2082,Noble Gorghetto,1 Holy Cross Trail,Rajsko,Brazil,73130-139
710-818-9907,Sheffield Forseith,9 Maple Wood Crossing,Kirkop,Brazil,73130-124
280-818-0794,Lynsey Cripwell,7389 Tennyson Lane,Tuodian,Brazil,73130-241
272-511-4697,Ranna Dionis,0672 Hoepker Point,Santa Paz,Brazil,73368-100
430-719-5550,Koressa Sargison,45354 Cottonwood Drive,Zhaowu,Brazil,73130-145
431-928-1886,Jeri Lipson,573 Macpherson Pass,Pelym,Brazil,73368-146
574-842-8602,Colver Di Meo,82 Ridgeview Lane,Châtillon,Brazil,73130-175
500-976-1608,Kyrstin Betton,7174 Orin Parkway,Aginskoye,Brazil,73130-271
308-491-4156,Lauri Lezemore,75221 Acker Pass,E’erdun Wula,Brazil,73368-112
862-110-7353,Ermin Rosina,5 Susan Center,Shikhazany,Brazil,73130-364
101-456-9121,Mattie Eddow,8026 Chinook Circle,Czemierniki,Brazil,73130-262
135-745-8425,Starr Umney,77 Canary Road,Tumcon Ilawod,Brazil,73130-190
507-524-1790,Errol Dancer,52 Menomonie Alley,Sundsvall,Brazil,73130-259
924-835-1229,Demetra Prose,6 Katie Pass,Taipinghu,Brazil,73368-146
904-552-5282,Bradan Pughsley,5346 Rowland Trail,Jacksonville,Brazil,73368-132
305-172-0932,Pernell Rowntree,1498 Fulton Road,Stockholm,Brazil,73130-382
947-988-2665,Erma Ginn,88131 Memorial Center,Yuyangguan,Brazil,73368-150
567-244-2663,Si Betz,15 Annamark Alley,Vale Flores,Brazil,73130-900
941-526-5271,Marlowe Hapke,8800 Brown Junction,Erétria,Brazil,73130-244
238-274-4291,Myrle Phidgin,79 Fallview Trail,Yashiro,Brazil,73130-259
579-553-5694,Boyd Tattam,0 Manitowish Point,Ta`ū,Brazil,73130-187
428-738-4195,Ileana Cohen,3641 Monterey Drive,Hongzhou,Brazil,73130-118
963-180-1505,Celka Scemp,1148 Roxbury Point,Stockholm,Brazil,73130-286
457-332-9935,Matthaeus Frisdick,72031 New Castle Circle,Mizque,Brazil,73130-199
568-153-0476,Cullie Wainscot,375 Prentice Avenue,Vatutino,Brazil,73368-152
809-429-3524,Leslie Dixcey,2267 Kedzie Drive,Yaypan,Brazil,73130-139
750-487-8805,Jelene Gauld,364 Michigan Terrace,Trảng Bàng,Brazil,73130-190
901-723-7475,Rafaelia Buxey,1616 Hollow Ridge Plaza,Sendang,Brazil,73130-101
792-842-4471,Mendy Duckerin,7 Linden Way,Lobito,Brazil,73130-235
221-949-9709,Giacomo Bowling,132 Duke Place,Maguan,Brazil,73130-190
565-891-2808,Cully Gulc,452 Crowley Terrace,Jinshan,Brazil,73130-130
846-600-4013,Nina Stubbins,4616 Crescent Oaks Place,Thị Trấn Hùng Quốc,Brazil,73368-144
386-498-5106,Emelina Audry,32631 Vermont Street,Huangjin,Brazil,73130-331
887-379-5836,Belia Hadden,547 Warner Avenue,Pilcaniyeu,Brazil,73130-265
469-886-5458,Ynes Manvelle,8990 Everett Terrace,Garland,Brazil,73368-162
380-997-6028,Matthiew Brilon,37685 Continental Way,Pengshi,Brazil,73130-343
696-481-0654,Katleen Mathevon,725 Kenwood Center,Shatian,Brazil,73130-277
367-827-2413,Siobhan Furmage,20518 Upham Center,Morro Agudo,Brazil,73130-328
149-793-8088,Edwina Bram,4363 Esch Circle,Hadano,Brazil,73130-313
722-471-7561,Rayshell Medgwick,023 Derek Place,Kota Kinabalu,Brazil,73130-343
976-323-7997,Leonidas Maevela,44 Toban Junction,Krajan Suco,Brazil,73130-163
941-382-3522,Cale Diggin,2427 Arrowood Crossing,Mantar,Brazil,73130-124
157-591-8546,Remy Glayzer,968 Dennis Lane,Lomintsevskiy,Brazil,73130-265
782-909-1323,Nobe Bernaldez,0745 Arkansas Avenue,Ban Talat Bueng,Brazil,73130-199
196-475-6839,Gwynne Seligson,23047 Thompson Court,Diawara,Brazil,73130-301
916-652-7019,Klarika Hidderley,0 Veith Pass,Sacramento,Brazil,73130-352
303-912-6353,Paule Bravey,12347 Ohio Center,North Perth,Brazil,73130-136
268-175-3404,Tarrance Shephard,5 Elgar Drive,Abeokuta,Brazil,73130-235
313-574-5072,Sherwynd Clawsley,88 Green Ridge Park,Mayrtup,Brazil,73130-145
996-308-1979,Maxwell Bison,247 Memorial Plaza,Logung,Brazil,73130-331
709-217-9587,Rollo Duddan,3 Luster Lane,Kazinka,Brazil,73130-010
358-741-2675,Jonathon Merrell,81 Farmco Road,Paris 13,Brazil,73130-343
938-647-6945,Dyane Brosch,28 Toban Park,Al Mughayyir,Brazil,73130-340
388-835-8794,Ursuline Dullard,1 Weeping Birch Crossing,Svedala,Brazil,73130-382
587-175-4614,Jamal Ceccoli,5806 Jay Alley,Padangtikar,Brazil,73130-322
397-421-3661,Warde Timcke,8952 Arrowood Road,Paris 15,Brazil,73130-313
900-499-1533,Meggy Lopez,2 Forster Place,Gominhães,Brazil,73368-140
447-514-2104,Anabelle Lovejoy,0458 Main Center,Banga,Brazil,73130-118
874-551-5387,Payton Hooke,17 Pennsylvania Point,Świnice Warckie,Brazil,73130-355
982-300-1813,Earlie Saffill,59 Donald Parkway,Okpoga,Brazil,73368-112
236-342-0928,Erny Castaneda,22 Melby Place,Zhongdong,Brazil,73130-148
577-119-3657,Paul Peet,04830 Northridge Point,Oliveira do Conde,Brazil,73130-322
835-739-6378,Billy Hardaway,58 Petterle Place,Semarang,Brazil,73130-286
539-866-1523,Kerrin Jouhning,2569 Westridge Pass,Dongdong,Brazil,73130-220
297-161-5597,Rosalie Cordes,5 Killdeer Crossing,Hila,Brazil,73130-325
239-851-7612,Dorelle Annakin,87979 Westerfield Court,Xiaochi,Brazil,73130-145
399-296-0469,Stanislas Stummeyer,56273 Paget Alley,Pondokaso,Brazil,73130-310
970-438-3155,Bili Albiston,2 Moland Terrace,Kass Wollof,Brazil,73130-388
670-659-2654,Ashlen Griniov,17276 Marquette Place,Złota,Brazil,73130-193
840-612-8060,Briana Grunwall,168 Tennessee Alley,Sucun,Brazil,73130-349
184-721-6931,Kendell Eltune,6956 Hermina Parkway,Cereté,Brazil,73130-256
353-870-3618,Alvis Render,60264 Debs Junction,Woniuhe,Brazil,73130-295
315-383-3596,Alistair Wimpress,8480 Mitchell Crossing,Tsubata,Brazil,73368-162
746-175-5820,Vivyanne Bastick,7 Rutledge Point,Ostružnica,Brazil,73368-100
952-291-4509,Miller Cheesworth,570 Dovetail Alley,Pokachi,Brazil,73130-385
840-726-6853,Cornela Grimoldby,9622 Buena Vista Drive,Yangping,Brazil,73130-280
976-477-1853,Knox Casini,24 Messerschmidt Lane,Fangtian,Brazil,73130-388
877-160-6588,Peria Izhakov,9678 Lawn Point,Tecka,Brazil,73130-364
801-570-6796,Veronique Baddam,50 Petterle Drive,Jimusa’er,Brazil,73130-319
958-362-4213,Chelsy Izchaki,8 Meadow Ridge Circle,Kandangsapi,Brazil,73130-298
400-707-7228,Daria Varlow,95616 Alpine Trail,Zgurovka,Brazil,73130-199
137-425-3652,Catlee Janssen,662 Namekagon Road,Täby,Brazil,73368-132
976-518-1817,Rici Haggarth,05 Fremont Hill,San Sebastian,Brazil,73130-157
863-409-8119,Townie Aylward,030 Loomis Street,Monte Agudo,Brazil,73130-400
812-429-9999,Mitzi Mackro,5763 Chive Trail,Eman,Brazil,73130-259
405-893-4550,Leshia Kulis,9633 Division Alley,Keruguya,Brazil,73130-172
288-390-9868,Nady Woodford,9069 Macpherson Court,Ransang,Brazil,73130-101
828-273-2333,Babs Prantl,286 Stone Corner Hill,Zyuzino,Brazil,73130-136
353-259-7263,Ruggiero Bullivant,038 Kennedy Drive,Getengan,Brazil,73368-122
571-482-9474,Humberto Haselden,86 Everett Lane,Haitang,Brazil,73130-900
336-493-2457,Beckie Yedall,7 Farragut Street,Savski Venac,Brazil,73130-298
393-487-3197,Clayson Willcott,4 Ryan Pass,La Asunción,Brazil,73368-152
336-270-0298,Freeman Dopson,73 Everett Pass,Oljoq,Brazil,73130-403
337-721-0567,Flory Braybrookes,4582 Milwaukee Circle,Ośno Lubuskie,Brazil,73130-262
139-139-2659,Cordelia Dorbon,66 Morningstar Way,Naze,Brazil,73130-193
943-474-0668,Coriss Ireland,58 Marcy Trail,Santa Apolonia,Brazil,73368-150
374-677-1264,Parrnell Muir,909 Di Loreto Avenue,Panenjoan,Brazil,73368-144
749-379-2022,Tana Philpots,3562 Superior Terrace,Tinaquillo,Brazil,73130-163
661-323-0225,Sonnnie McKinn,73 Arizona Pass,Midrand,Brazil,73130-244
777-334-7799,Lory Goldine,260 Kropf Center,Khon Buri,Brazil,73130-343
729-752-4123,Belicia Caughte,51 John Wall Crossing,Tianzishan,Brazil,73368-146
835-948-1335,Colly Piola,093 Pepper Wood Point,Budapest,Brazil,73368-122
334-903-8385,Doralynn Clubb,82 Steensland Place,Övertorneå,Brazil,73130-193
126-332-7135,Giavani Comley,042 Elgar Road,Vnukovo,Brazil,73368-122
513-998-2083,Gwenette Toffanini,72 Thackeray Circle,Kulunda,Brazil,73130-112
852-537-7099,Christyna Crannach,066 Montana Street,Beiyang,Brazil,73130-118
361-593-1673,Morly Lyenyng,84431 Chinook Junction,Alagoinhas,Brazil,73130-163
134-373-2664,Constantino Cleynaert,4 Mccormick Hill,Zhangye,Brazil,73130-196
285-668-7234,Felipa Blinerman,9 Utah Hill,Pawak,Brazil,73130-136
989-139-9644,Ives Randleson,13024 Killdeer Junction,Ape,Brazil,73130-271
578-533-6652,Hamel Stirton,5080 Hagan Circle,Salsipuedes,Brazil,73130-148
797-405-2382,Mickey Fane,4 Service Drive,Nogueira do Cravo,Brazil,73130-382
537-796-0752,Franky Brundall,488 Colorado Drive,Gornyak,Brazil,73130-166
801-433-9337,Dinny Woodward,34 Sheridan Alley,Leńcze,Brazil,73130-271
701-541-6446,Bette Scouller,0 New Castle Trail,Cholpon-Ata,Brazil,73368-112
461-860-7991,Roseline Ravenscroft,07 Goodland Point,El Cubolero,Brazil,73130-352
296-327-5751,Selena Bandey,1 Saint Paul Parkway,Erlangkou,Brazil,73130-265
342-532-8824,Norry Schleswig-Holstein,688 5th Road,Baixi,Brazil,73368-120
302-275-3285,Wilburt Grishenkov,28 Anzinger Center,Yanzhao,Brazil,73130-244
629-268-0720,Diego Sebert,13 Wayridge Junction,Uthal,Brazil,73368-160
944-487-6689,Darlleen Gopsell,599 Lakewood Lane,Burqah,Brazil,73130-118
150-849-4545,Alena Coper,481 Cambridge Avenue,Niemodlin,Brazil,73368-164
977-996-6339,Claudianus Romanet,17 Karstens Street,Néa Palátia,Brazil,73368-110
540-505-4331,Cindy Tuhy,9070 Holmberg Hill,Roanoke,Brazil,73130-101
895-172-3993,Raleigh Duester,5261 High Crossing Plaza,Ciracap,Brazil,73130-148
203-771-5953,Elfreda Benkhe,55 Kim Center,Karangarjo,Brazil,73130-280
665-657-8097,Dayle Blemings,72 Glendale Center,Bojonegoro,Brazil,73130-310
792-229-9943,Andi Smardon,6895 4th Court,Piraí,Brazil,73368-142
945-471-8494,Neile Alenin,4782 Drewry Parkway,Jadi,Brazil,73130-900
209-264-2228,Elle Banbury,0960 Coolidge Parkway,Fūman,Brazil,73130-397
149-995-9552,Reine Covolini,5573 Sunnyside Place,Tours,Brazil,73130-103
554-232-8215,Willard Heifer,7 Rockefeller Plaza,Karangbenda,Brazil,73368-130
607-873-9192,Gelya Ridsdale,8626 Coleman Center,Longmen,Brazil,73130-187
416-444-1430,Mirabelle Faiers,9 Westerfield Parkway,Trondheim,Brazil,73130-900
994-308-0802,Brandi Dunabie,3 Rusk Park,Paipa,Brazil,73130-295
475-652-2600,Hammad Willcocks,19687 John Wall Point,Staré Město,Brazil,73130-295
896-256-4834,Halsey Preble,15014 Sommers Lane,Ketawang,Brazil,73130-178
295-435-1846,Pippy Robb,7 Ludington Parkway,Mekarjaya Satu,Brazil,73130-193
172-400-0453,Alix Merritt,118 Charing Cross Drive,Torkanivka,Brazil,73130-331
840-884-5589,Bruis Rawll,6 Sycamore Trail,Leeuwarden,Brazil,73130-187
597-400-4691,Frankie Balcon,66 Loomis Circle,Taipingying,Brazil,73130-250
473-379-6679,Matilde Presdie,66183 Elka Court,Camarate,Brazil,73130-235
719-262-3110,Aryn Bachmann,685 Merry Hill,Huanuni,Brazil,73130-343
595-213-8704,Leslie Bengough,5 Swallow Point,Rancabuaya,Brazil,73130-112
789-297-4303,Karissa Shervil,8933 Evergreen Pass,Hekou,Brazil,73368-110
222-801-0853,Hertha Chaffer,38031 Granby Trail,Lopatyn,Brazil,73130-271
570-854-5168,Sayres Duding,28176 Thackeray Point,Zhonglong,Brazil,73130-121
412-340-4535,Lyssa Routh,009 Acker Place,Saurama,Brazil,73130-130
936-545-5900,Johna Izzard,10 Haas Hill,Grzmiąca,Brazil,73130-343
783-710-8975,Feodor de Grey,7539 Rutledge Street,Burgos,Brazil,73130-124
630-480-4215,Goldy Hamman,29 Helena Alley,Lakbok,Brazil,73368-120
567-763-4471,Alvin Litton,3 Trailsway Road,Reshui,Brazil,73130-136
572-135-2354,Pooh MacVanamy,63336 Claremont Place,Banjar Mambalkajanan,Brazil,73130-385
995-829-3378,Gretel Divisek,805 Comanche Place,Anliang,Brazil,73130-364
880-195-2443,Sapphira Arkley,88 Waubesa Lane,Yaojiaji,Brazil,73130-241
409-962-3125,Gerty Daid,91 Wayridge Lane,Lanchkhuti,Brazil,73368-124
376-501-9507,Doe Getten,0 Express Road,Pilcuyo,Brazil,73130-154
778-101-0569,Jeffy Blankhorn,3 Warner Hill,Gandoang,Brazil,73368-162
565-617-6438,Jenny Shill,53 Michigan Street,Uluale,Brazil,73130-139
569-305-1920,Katerine Keer,67 Memorial Road,Velikovechnoye,Brazil,73130-397
103-660-0373,Pamela Trinkwon,58535 Nelson Street,Cowansville,Brazil,73130-346
285-109-8062,Hannie Scandroot,82 Amoth Park,Tân Sơn,Brazil,73130-139
598-996-7609,Giffer Robken,55798 Chive Crossing,Honghua’erji,Brazil,73130-328
187-646-6444,Kacy Bartul,509 Westerfield Hill,Bīr Nabālā,Brazil,73130-172
174-417-2469,Orv Reuven,9 Bluejay Crossing,Sapol,Brazil,73130-101
935-807-8358,Clari Bruckner,544 Northwestern Terrace,Castelo,Brazil,73368-122
266-872-4757,Annabelle Padrick,45801 Fisk Trail,Huxi,Brazil,73130-223
214-861-4355,Ossie Fisbburne,541 Londonderry Street,Yoshida-kasugachō,Brazil,73130-307
410-340-5322,Wylie Pinnick,24 Merchant Junction,Deje,Brazil,73368-140
291-226-8404,Virgie Dundredge,81 Calypso Way,Rosario,Brazil,73130-199
203-168-5989,Billi Coldtart,4 Northport Way,Taquarituba,Brazil,73130-136
721-182-7432,Inger Ducaen,49882 Westridge Trail,Barrosa,Brazil,73368-164
987-140-2445,Erma Ziems,31608 Hauk Plaza,Doña Remedios Trinidad,Brazil,73130-106
149-376-7894,Otis Pincott,52704 Moose Parkway,Gora,Brazil,73130-331
902-678-4380,Chrissie Cummins,70 Ridgeway Road,Riangwale,Brazil,73130-322
527-327-8338,Wallie Gioan,9 Erie Court,Kamru,Brazil,73130-343
811-713-5343,Paolina Dalgleish,0 Banding Trail,Watuweri,Brazil,73130-301
585-606-8459,Morly De Ruel,24747 Spenser Center,Quiñota,Brazil,73130-391
659-635-4096,Lauralee Joel,3770 Vermont Pass,Dagup,Brazil,73130-226
686-202-1064,Beniamino Okker,2 Fulton Center,Phu Sang,Brazil,73130-190
791-480-3392,Camilla Rignoldes,8459 Derek Court,Wensu,Brazil,73368-142
199-884-7228,Brent Crannis,3 Larry Pass,Shangjing,Brazil,73130-346
835-673-7598,Bryna Villa,66 Judy Center,Xinlong,Brazil,73368-160
889-477-0393,Herminia Eatttok,37207 Blackbird Lane,Jiantiao,Brazil,73130-349
192-279-1156,Leigh Graeser,1766 Jana Lane,Sanjian,Brazil,73130-352
230-347-9015,Tyler Parry,9 Vidon Terrace,Vinica,Brazil,73130-136
495-301-5634,Elton Brigden,83 Glendale Circle,Póvoa de Santo António,Brazil,73368-142
339-956-4065,Chiquia Pineaux,46 Waubesa Plaza,Xujiahe,Brazil,73130-172
671-185-9964,Priscilla Latehouse,864 Comanche Alley,Daleman,Brazil,73130-157
720-601-6040,Meggie Casella,98 Pond Drive,San Miguel Dueñas,Brazil,73368-120
611-633-6003,Ringo Blondin,8542 Graedel Court,Vierzon,Brazil,73130-154
496-627-9663,Lethia Gregoretti,38 Forest Run Crossing,Toulouse,Brazil,73130-256
272-518-9316,Meyer Loader,3 Crownhardt Way,Shizi,Brazil,73130-196
334-363-7554,Koralle Petzold,2280 Merchant Plaza,Duli,Brazil,73130-385
153-379-6033,Olivia Head,24 Dottie Pass,Kasangulu,Brazil,73130-235
512-915-3722,Samuele Cowlas,080 Sage Hill,Middelburg,Brazil,73368-146
138-789-1413,Reginald Gale,0187 Spohn Crossing,Caruaru,Brazil,73130-268
199-271-1718,Ninon Schulze,5989 Londonderry Court,Hamar,Brazil,73130-127
896-535-7345,Kerrie Lobe,83871 Westerfield Center,Akhfennir,Brazil,73130-106
170-408-0859,Aloysia Cannop,0 Alpine Pass,Kedungdowo,Brazil,73368-162
431-174-1746,Somerset Kleinschmidt,28891 Veith Park,Laotai,Brazil,73130-226
416-721-0540,Cathie Jandac,8280 North Terrace,Shalakusha,Brazil,73130-391
785-446-9550,Dominick Kachel,6300 Emmet Place,Brengkok,Brazil,73368-120
770-574-4270,Lauretta Eytel,26 Colorado Drive,Lishan,Brazil,73368-130
974-794-0940,Deborah Annesley,17360 Crowley Park,Jamālpur,Brazil,73130-355
534-574-4553,Jordanna Poole,06 Southridge Hill,Ķegums,Brazil,73130-199
337-163-8154,Diandra Ollis,868 Northland Road,Saba Yoi,Brazil,73368-122
531-508-2721,Gonzalo Saing,1 Algoma Drive,Lumbang,Brazil,73130-307
520-651-4957,Angela Pakenham,72 Burrows Lane,Fais,Brazil,73130-103
604-722-5049,Gifford Isted,945 Algoma Circle,Aripuanã,Brazil,73368-112
661-361-3529,Melita Peterkin,18 Main Hill,Ramanavichy,Brazil,73130-364
574-564-5822,Helen-elizabeth Heims,8848 Darwin Trail,Spodnja Hajdina,Brazil,73130-172
945-534-7120,Roxi Roderigo,1 Maple Drive,Ocumare del Tuy,Brazil,73130-130
780-977-7424,Kingsley Callington,2 Fremont Court,Misungwi,Brazil,73368-164
485-203-3750,Kalle Hailey,1359 Pleasure Alley,Bourg-en-Bresse,Brazil,73130-157
322-144-9250,Ramsey McCarter,16 Farwell Alley,Agrela,Brazil,73130-112
806-281-6030,Deanne Barcke,25 Blaine Circle,Ertai,Brazil,73368-110
552-620-1787,Rosette Sweetman,233 Pine View Avenue,Kétou,Brazil,73130-145
740-695-2840,Kippie Danshin,261 Norway Maple Drive,Świecie nad Osą,Brazil,73130-157
961-145-5129,Claudetta Schubert,43442 Blackbird Circle,Ngilengan,Brazil,73368-142
162-428-7324,Minny Sterke,4 Porter Avenue,Satsumasendai,Brazil,73130-223
153-945-4848,Gillie Cutforth,0 Stuart Terrace,Sanqu,Brazil,73130-310
762-673-0715,Candy Coxen,1 Continental Plaza,El Tránsito,Brazil,73130-148
668-124-0922,Mitch Franzoli,242 Cottonwood Junction,Kalininskiy,Brazil,73130-397
186-173-1312,Gayler Methley,73 Novick Hill,Besuki Dua,Brazil,73368-140
830-436-8404,Port Stonehewer,8618 Clemons Junction,Otoka,Brazil,73130-322
313-293-1274,Caron Macias,81605 Stuart Street,Mērsrags,Brazil,73130-229
365-316-4563,Cully Reiling,4 Calypso Road,Raojān,Brazil,73130-148
606-708-3307,Kameko Wither,18 Longview Center,Náfplio,Brazil,73130-340
932-179-4059,Gertie Wabersinke,9 Michigan Street,Babakan,Brazil,73368-140
928-992-6631,Clara Longland,93 Brentwood Crossing,Sovetskoye,Brazil,73130-223
185-463-9739,Arlee Deere,36 Sullivan Center,Huolongping,Brazil,73130-229
985-376-1457,Miriam Retter,5913 Rutledge Hill,Sangallaya,Brazil,73130-214
775-647-6024,Whitney Patroni,00170 Swallow Place,Hultsfred,Brazil,73368-140
124-206-9826,Vivi Gallico,57 Fair Oaks Hill,Huangtang,Brazil,73368-120
448-648-9564,Gardie Peaker,9 Kinsman Circle,Goianésia,Brazil,73130-148
818-554-1132,Holt Ridewood,0 Texas Alley,Jebba,Brazil,73130-163
368-660-3731,Veriee Powley,69390 Wayridge Parkway,Jinping,Brazil,73130-163
613-419-1923,Hendrick Bergstrand,917 Cardinal Drive,Comallo,Brazil,73130-136
523-664-0917,Barde Farrington,7370 Moulton Center,Nusaherang,Brazil,73130-313
836-497-3793,Emmi Garbert,0348 8th Street,Afogados da Ingazeira,Brazil,73130-199
139-988-2580,Toma Piatkowski,237 Mockingbird Terrace,Bicas,Brazil,73130-190
101-670-3692,Michel Bulley,1 Menomonie Center,Paripiranga,Brazil,73130-112
640-845-9338,Fredra Cromack,78 Evergreen Junction,Tibigan,Brazil,73130-199
796-609-2112,Bat Semper,707 Brown Way,Pantian,Brazil,73130-334
996-650-6851,Marielle Berryman,1199 Clove Center,Gibgos,Brazil,73368-162
707-567-1179,Kiel Vance,885 Northwestern Place,Dolulolong,Brazil,73368-164
861-383-3603,Shea Pietesch,9926 Eggendart Point,Ängelholm,Brazil,73368-100
905-545-1371,Amabel Schubert,3 Mendota Alley,Al Hāshimīyah,Brazil,73130-223
412-892-4163,Eve Durran,4705 Corry Junction,Xindian,Brazil,73130-214
839-535-3214,Cosetta Lillicrap,5 Fair Oaks Park,Béthune,Brazil,73130-900
270-324-1364,Tera Fredi,5748 Packers Alley,Ankazobe,Brazil,73130-268
553-199-7062,Kippy Hymer,51 Hooker Pass,Arteni,Brazil,73130-307
863-677-4822,Seth Plaice,9 Park Meadow Center,Ipoh,Brazil,73130-286
328-128-2577,Burg Hyslop,0090 Pierstorff Alley,Căuşeni,Brazil,73130-322
188-369-7468,Fawn Hainsworth,0 Mallard Park,Det Udom,Brazil,73130-226
703-254-0836,Kayne Downing,113 Bobwhite Point,Hope,Brazil,73368-152
719-828-5132,Randy Laverty,02 Johnson Terrace,Sutukoba,Brazil,73130-175
521-806-0070,Che Cicchinelli,481 Saint Paul Drive,Tongyuanpu,Brazil,73130-223
352-411-8210,Gayel Broggio,85 Melody Road,Ampara,Brazil,73130-388
928-231-1546,Cindee Ranyell,40658 Cascade Plaza,Södertälje,Brazil,73368-124
961-741-9891,Reyna Chidler,716 Scott Court,Persen,Brazil,73130-139
944-379-9163,Carmelina Eede,0 Randy Drive,Balas,Brazil,73130-394
114-641-9197,Carolan Nayshe,9838 Pine View Avenue,Naurskaya,Brazil,73368-122
422-806-3030,Jonah Durston,88252 Fieldstone Pass,Nanzhen,Brazil,73130-382
898-272-4079,Vi Bussons,60838 Gerald Lane,Paris 07,Brazil,73130-103
260-573-2021,Izabel Dahl,52687 Corben Place,Palca,Brazil,73130-124
713-399-4882,Richy Borchardt,00180 Browning Drive,Tabia,Brazil,73130-394
654-860-4386,Hedwig Dedon,830 Dayton Place,Sandakan,Brazil,73130-112
356-374-0734,Leola Guest,81 Kings Road,Vitina,Brazil,73130-118
542-645-0851,Win Edess,1244 Heffernan Crossing,Thamaga,Brazil,73130-307
355-195-1436,Flory Karran,11 Loeprich Street,Villa Mercedes,Brazil,73130-166
459-847-8235,Nestor Barrie,01 Pearson Circle,Hetou,Brazil,73130-397
277-733-2116,Kasper Pow,11493 Rigney Way,Ústí nad Orlicí,Brazil,73368-110
429-941-4885,Stephi Shalcras,0 Duke Point,Ágios Athanásios,Brazil,73368-140
408-498-8570,Jeana Shervil,4562 Reinke Junction,Visoko,Brazil,73130-199
564-116-6246,Lemuel De la Perrelle,09 Homewood Parkway,Yangsan,Brazil,73130-319
864-767-4405,Samantha Fones,0433 Huxley Trail,Curug,Brazil,73130-229
869-205-1855,Magda Crofthwaite,10070 Gulseth Center,Camias,Brazil,73130-262
514-695-6188,Rafaelia Primrose,2 Orin Court,Tha Wang Pha,Brazil,73130-310
156-536-8369,Madonna Pitfield,688 Red Cloud Crossing,Mondim de Basto,Brazil,73130-391
487-343-8046,Hurleigh Verick,3475 Eagle Crest Hill,Luwan,Brazil,73130-163
171-702-7280,Farra Stedall,2926 Corscot Way,Shiniu,Brazil,73368-162
455-787-3974,Patsy Strathern,1741 Brown Circle,Sanhe,Brazil,73130-295
780-298-8564,Ari Eslinger,8 Maple Wood Park,Bourg-lès-Valence,Brazil,73130-178
802-359-2090,Amara Piniur,2365 School Road,Záhorovice,Brazil,73368-164
641-695-5281,Karlik Verbeek,7675 Aberg Junction,Eira Nova,Brazil,73130-280
104-851-7012,Tova Wait,48 Gateway Drive,Xixi,Brazil,73130-229
177-122-5623,Paulie Goede,4010 Sachs Hill,Truskavets,Brazil,73130-352
935-608-7312,Dolli Dahlbom,83 Hoepker Lane,Presidente Bernardes,Brazil,73130-382
997-556-6583,Meade Hurrion,357 Kropf Way,Sa‘sa‘,Brazil,73130-406
439-882-8130,Lauri Aberdein,22466 Schiller Circle,Stadtbredimus,Brazil,73130-175
246-132-5877,Alano Tomley,016 Milwaukee Junction,Bitin,Brazil,73368-144
270-621-2849,Ardath Babbidge,769 Sage Way,Al Mazra‘ah ash Sharqīyah,Brazil,73130-256
928-529-1170,Arlene Cadle,201 International Court,Tours,Brazil,73130-900
280-948-6111,Desiri Motherwell,7 Vernon Road,Kímolos,Brazil,73130-148
952-434-4102,Boigie Chiene,4 Sloan Pass,Sambong,Brazil,73130-406
954-264-4841,Kissiah Pentelo,90162 Main Place,Saramech,Brazil,73130-262
717-950-9965,Hailee Bartrap,1883 Corscot Avenue,Pácora,Brazil,73130-319
337-917-2279,Oliver Dearsley,417 Rutledge Park,Vila de Sal Rei,Brazil,73130-406
680-129-5489,Albrecht Brion,040 Manufacturers Pass,Storuman,Brazil,73130-130
855-891-2814,Matty Orum,990 Trailsway Lane,Usagara,Brazil,73130-262
796-996-8845,Horacio Gallanders,73 Graceland Road,Montbéliard,Brazil,73130-349
773-711-7919,Brennan Castaner,4 Upham Trail,Chicago,Brazil,73130-295
998-645-3030,Leon Quaif,94 Clyde Gallagher Terrace,Irákleia,Brazil,73130-900
663-616-9438,Millisent Mounter,0 Mandrake Drive,Qorashina,Brazil,73368-130
667-127-0092,Fonsie Liggons,0165 Everett Center,Hesperange,Brazil,73368-120
706-624-1335,Alyse Bernath,76306 Bonner Terrace,Chipoka,Brazil,73130-223
300-142-3430,Earl Bunton,370 Menomonie Place,Hagonoy,Brazil,73130-265
827-238-7259,Ignaz Konig,9 Buena Vista Court,Elói Mendes,Brazil,73130-319
328-792-2988,Wanda Foro,17980 Magdeline Parkway,Sinabang,Brazil,73368-130
531-141-1454,Lorrie Ughi,1 Farwell Point,Chuncheng,Brazil,73130-394
316-318-9038,Harvey Foulkes,9421 International Street,Gamawa,Brazil,73130-256
496-606-9151,Marten Wittering,0 Parkside Avenue,Maroanging,Brazil,73130-265
862-106-8803,Ole Sutlieff,2 Lakeland Place,Bayan Gol,Brazil,73368-164
861-531-1429,Molly Frewer,51012 Vahlen Plaza,Barraute,Brazil,73130-148
218-763-9478,Koralle Stirton,0 Rusk Pass,Čížkovice,Brazil,73130-313
563-843-5635,Finn Burgoyne,4645 Elmside Center,Moulins,Brazil,73130-355
614-794-2579,Paulie Adamiak,7 Waywood Plaza,Haoraoshan,Brazil,73130-112
165-939-2304,Danyelle Lander,672 Sachs Road,Cergy-Pontoise,Brazil,73130-295
621-840-8307,Shurlocke Priddy,744 Mosinee Street,Kỳ Anh,Brazil,73130-148
281-548-0755,Shelagh Kenlin,22966 Moose Parkway,Khuzdār,Brazil,73130-199
742-287-9101,Wilhelm Battell,55674 Mockingbird Pass,Gatbo,Brazil,73130-340
262-981-1707,Loralyn Jasiak,9825 Commercial Park,Loučná nad Desnou,Brazil,73368-142
165-288-0458,Britni Hazle,1062 Dexter Lane,Trinidad,Brazil,73130-223
465-459-8204,Felipe McAvin,970 Lawn Parkway,Loughrea,Brazil,73130-331
207-579-5344,Merla Scading,20426 Memorial Drive,Granard,Brazil,73130-400
611-869-0134,Jeremias Askaw,018 Lien Place,Almeria,Brazil,73130-403
413-657-3294,Cathyleen Weed,354 Eliot Point,Viekšniai,Brazil,73130-196
648-983-3678,Karol Iskow,4 Spenser Street,Pontian,Brazil,73130-178
595-748-9309,Davide Bradd,578 Annamark Center,Bila Tserkva,Brazil,73368-162
500-212-6708,Amargo Doughartie,69471 Thompson Center,Biała,Brazil,73130-334
602-951-3649,Gardy Gormally,1569 Nobel Parkway,Khoa,Brazil,73130-277
613-312-8387,Merle Stonham,8 Dennis Plaza,Doāba,Brazil,73130-217
316-389-3269,Kathy Meddings,3 Forest Street,Nishor,Brazil,73130-298
156-788-7029,Ashley Gowan,36 Hauk Lane,Starychi,Brazil,73130-382
900-767-8956,Betteanne Guppey,12879 Lake View Court,Bacuyangan,Brazil,73130-142
390-707-4670,Paola Snelman,4 Petterle Court,Calais,Brazil,73130-250
705-716-3890,Tabatha Wetherick,12 Roxbury Junction,Qilin,Brazil,73130-103
568-750-4759,Asa Simunek,54 Stone Corner Plaza,Anzihao,Brazil,73130-157
576-714-8628,Chet Sives,4245 Vermont Alley,Divnoye,Brazil,73130-331
246-915-3493,Laverna Grout,6 Blaine Street,Jatisari,Brazil,73130-262
369-178-0850,Alon Jaulme,01 Loomis Place,Chiri-Yurt,Brazil,73130-265
110-675-9697,Malissia Reicharz,16641 Hayes Pass,Dimataling,Brazil,73130-349
623-555-1215,Rianon Paramore,14528 Maple Road,Oued Lill,Brazil,73130-301
753-214-5565,Gusta Stollwerck,2744 Anzinger Parkway,Hetoudian,Brazil,73130-358
769-200-3443,Timmi Maddock,53893 Hayes Trail,Aguisan,Brazil,73130-217
705-305-0045,Chiquia Eaves,879 Washington Road,Nanzhen,Brazil,73130-268
448-131-1800,Myron Tompkin,1875 Mallard Crossing,Matiguás,Brazil,73130-241
543-769-3563,Dasya Wackley,82 Crescent Oaks Circle,Ica,Brazil,73130-325
634-341-7687,Marley Espadero,72908 Cambridge Terrace,Waeng Yai,Brazil,73130-265
977-584-0315,Vivian Moine,3 Melody Plaza,Jardim do Seridó,Brazil,73130-328
753-535-8060,Ricki Hazleton,381 Mariners Cove Pass,Asykata,Brazil,73130-406
732-229-5576,Barty Gadault,68320 Shopko Avenue,Valencia,Brazil,73130-226
230-670-9065,Timothy Finlayson,589 Rowland Road,Örnsköldsvik,Brazil,73130-406
147-404-4647,Sandro Treneman,7 Laurel Road,Sparwood,Brazil,73130-283
139-229-7327,Kingston MacDuff,753 Lyons Pass,Dazaifu,Brazil,73368-142
122-741-4797,Sena Harvatt,0 Moland Avenue,Guanzhou,Brazil,73130-145
402-243-4695,Marshall O'Flynn,9097 Farwell Center,Carcassonne,Brazil,73130-355
673-945-4058,Dorie Blagburn,6570 Twin Pines Parkway,Elele,Brazil,73368-122
987-526-5599,Teodora Horlock,38130 Forest Run Circle,Milano,Brazil,73368-124
395-792-9401,Ragnar Busk,5 Heath Lane,Blangpulo,Brazil,73130-385
252-882-7604,Frieda Oliver-Paull,63 Homewood Terrace,Ufimskiy,Brazil,73130-277
455-741-7457,Marigold Parlet,4378 Manitowish Center,Novi Bečej,Brazil,73368-150
109-705-7647,Sampson Rohlf,5530 Farwell Plaza,Ledeunu,Brazil,73130-142
315-814-5391,Kurtis Dingsdale,89 Crescent Oaks Crossing,Novorossiysk,Brazil,73130-343
305-845-7145,Teresina Stonham,658 Buhler Trail,Bungbulang,Brazil,73130-358
581-313-8587,Reynard Spaunton,3 Sage Plaza,Jiaogong,Brazil,73130-154
279-642-7383,Fidela Rand,66 3rd Court,Vólos,Brazil,73130-310
937-724-9639,Leia McGuire,1012 Graedel Park,Dayton,Brazil,73130-103
616-564-7405,Gerardo Staddom,52235 Michigan Trail,Grand Rapids,Brazil,73368-160
156-239-6637,Babita Cradick,515 Pond Trail,Kabarnet,Brazil,73130-319
870-231-8822,Georgena Duquesnay,98 Buena Vista Place,Quiriquire,Brazil,73130-256
707-511-1641,Haleigh McVeigh,668 Armistice Road,Chmielno,Brazil,73130-226
352-991-2846,Kenneth Spraggon,7289 Village Place,Eusebio Ayala,Brazil,73130-127
539-691-8803,Lise Tripony,902 Stuart Circle,Vigia,Brazil,73130-214
328-259-4093,Elenore Spirritt,6356 Haas Road,Catarman,Brazil,73368-146
478-552-2815,Meredithe Geratt,0986 Di Loreto Lane,Virolahti,Brazil,73130-101
512-514-2394,Theresita Cram,69516 Corry Center,San Cristóbal Verapaz,Brazil,73130-382
946-317-4797,Roley Bewlie,8520 Spaight Pass,Fasito‘outa,Brazil,73130-298
948-363-8493,Dougie Downe,9647 Sutteridge Lane,Níkaia,Brazil,73130-220
370-826-6844,Kenyon Schaben,39 Bluestem Hill,Pidvolochys’k,Brazil,73130-130
103-354-4579,Jammie Salling,9649 Anniversary Parkway,Subottsi,Brazil,73130-307
152-931-3881,Derrick Gavan,1875 Blackbird Drive,Paoua,Brazil,73130-178
276-800-7235,Denice Isley,565 Bashford Circle,Terara,Brazil,73130-394
230-424-9035,Korey Coddington,21 Anniversary Drive,Rambatan,Brazil,73368-110
154-722-4795,Rennie Burdas,7894 Schiller Parkway,Escazú,Brazil,73130-238
324-931-2942,Glenden De la Zenne,0450 Del Sol Place,Pujocucho,Brazil,73130-214
794-595-9266,Rolland Gilbert,4167 Gulseth Crossing,Susapaya,Brazil,73130-178
341-949-2290,Maximilian Bennie,981 Lakewood Trail,Lunang,Brazil,73130-349
449-877-5015,Melisse Nardrup,5455 Stone Corner Road,Minnedosa,Brazil,73130-331
678-255-7526,Sheree Kemson,62711 Dawn Crossing,Dongjiahe,Brazil,73130-187
735-712-9274,Esme Durtnall,42344 Prairie Rose Pass,Yinhe,Brazil,73130-349
391-790-2885,Neddy Leahair,84 Onsgard Circle,Polepy,Brazil,73130-196
696-420-0471,Morgan Twinterman,82 Southridge Pass,Sucha,Brazil,73130-121
735-929-5706,Tate Bumphrey,6256 Maple Way,Sirre,Brazil,73130-397
918-326-2434,Risa Trighton,023 Beilfuss Plaza,Tulsa,Brazil,73130-181
643-570-6501,Cristal Maddigan,0 Farmco Trail,Bamiantong,Brazil,73368-144
367-306-7232,Stanleigh Boatswain,0 Farmco Point,Mikołów,Brazil,73130-331
770-577-0420,Lanny Aird,71978 Elgar Junction,Leskovec pri Krškem,Brazil,73130-145
948-387-1753,Ana Pennells,7295 Darwin Drive,Phak Hai,Brazil,73130-331
262-958-4466,Sullivan Slegg,74 Di Loreto Trail,Gorzyce,Brazil,73130-196
498-439-1517,Nissie MacAirt,39 Ridgeview Terrace,Laba Goumen,Brazil,73130-259
940-187-4599,Delmer Tonkin,3 Vidon Center,Cortinhas,Brazil,73130-406
300-186-8861,Bobette Winders,051 Chinook Way,Maikawada,Brazil,73130-349
382-700-6118,Brenna Kenyon,3244 Almo Drive,Jiguan,Brazil,73130-346
228-596-7790,Rutger Jowers,38615 Prentice Center,Qiakeri,Brazil,73130-157
734-527-5208,Beckie McNee,5 Aberg Alley,Turbiv,Brazil,73130-106
547-142-9153,Harmonie Lukovic,1 Shelley Avenue,Mirzāpur,Brazil,73130-193
526-590-0802,Trenton Bernardos,4 Carberry Drive,Ixopo,Brazil,73130-268
687-679-5628,Marga Sconce,4 Shopko Park,Severka,Brazil,73130-241
283-998-2499,Ira Braferton,0 Ramsey Drive,Taraš,Brazil,73130-010
381-638-8497,Connie Andrault,1 Dawn Road,Pelabuhan Dagang,Brazil,73130-355
808-364-4852,Gwynne Hathaway,2884 Calypso Circle,El Limon,Brazil,73130-238
344-113-6816,Peta Eason,596 Oxford Avenue,Lukavice,Brazil,73130-139
180-279-4963,Jehu Falck,99217 Mockingbird Drive,Xinchong,Brazil,73130-388
493-984-1881,Guntar Kilfeder,21 Larry Junction,Liulin,Brazil,73130-349
807-103-5480,Patience Swindells,5 Lukken Park,Neochórion,Brazil,73130-268
387-874-3084,Gabe Trollope,1 Westport Lane,Alpatovo,Brazil,73368-162
191-800-5726,Rosaleen Rustich,1372 Hallows Street,Chuandao,Brazil,73130-154
935-356-4601,Fidelio Boullin,0310 Hanover Way,Nezhinka,Brazil,73130-139
410-816-8791,Rafaellle Baseley,713 Lake View Trail,Além Paraíba,Brazil,73130-292
572-155-4989,Hartwell Cattroll,090 Merchant Road,Clermont-Ferrand,Brazil,73130-127
535-216-0354,Claudia Blodgett,00177 Becker Place,Quime,Brazil,73130-238
891-325-5404,Thea Moules,2524 Browning Crossing,Pacajus,Brazil,73130-010
337-822-3023,Ann-marie Liveley,01620 Ruskin Plaza,Tulu Bolo,Brazil,73368-130
743-871-7959,Ursala Belford,2174 Artisan Center,Rufino,Brazil,73130-187
101-157-2211,Malorie Ginglell,4214 New Castle Street,Sernovodsk,Brazil,73130-325
770-795-9089,Aili Allans,5 Bluejay Court,Sobeok,Brazil,73130-223
319-845-9327,Georgine Karpychev,61974 Stuart Lane,Gasan,Brazil,73130-190
238-737-1947,Ulrich Keynes,1 Schurz Parkway,Shupenzë,Brazil,73130-400
182-420-7819,Patin Marcussen,25 Ryan Circle,Ouro Preto do Oeste,Brazil,73130-394
464-922-2906,Talyah Pierrepont,42 Old Shore Alley,Évry,Brazil,73130-154
267-973-5954,Evvie Eyton,25 Wayridge Trail,Sanshengyuan,Brazil,73130-139
405-390-7614,Guglielmo Buchett,29 Haas Terrace,Libei,Brazil,73130-145
421-339-5545,Guntar Marusic,13276 Columbus Street,Tallkalakh,Brazil,73368-132
117-801-4327,Stefa Negro,16 Northland Street,Sentieiras,Brazil,73368-100
779-689-4104,Salmon Dendle,8 Valley Edge Hill,Centenario,Brazil,73130-121
531-246-6430,Jaclin Farmloe,332 Scoville Plaza,Puerto Rico,Brazil,73130-136
289-800-2058,Hercule Gregor,5931 Vidon Lane,Usman’,Brazil,73130-181
350-379-6258,Bald Baudacci,2 Hoepker Point,Yashao,Brazil,73130-259
941-373-7915,Cesya Fandrey,08 Mallory Place,Ujmisht,Brazil,73130-223
725-812-2319,Perl Alban,38334 Messerschmidt Court,Minas,Brazil,73130-343
636-937-2948,Danit Sandbach,465 Towne Hill,Všeruby,Brazil,73130-214
807-677-1156,Bernardine Laroze,83041 Bartillon Park,Wuci,Brazil,73130-262
439-914-8154,Colver Presswell,511 Scofield Parkway,Skärholmen,Brazil,73130-355
281-616-1835,Kristien Sivier,03546 Waxwing Plaza,Lengkong,Brazil,73130-298
386-270-7401,Fleur Timson,095 Weeping Birch Park,Végueta,Brazil,73130-101
219-838-8079,Siusan Edmeades,204 Briar Crest Avenue,Tieli,Brazil,73130-238
961-156-0396,Esme Healings,2650 Erie Junction,Kota Bharu,Brazil,73130-352
337-998-1615,Anett Rankcom,730 Graedel Park,Tekeli,Brazil,73130-358
945-403-0572,Dareen Insole,5 Darwin Plaza,Xiejiaya,Brazil,73130-265
951-357-6284,Pedro Krienke,5429 Rieder Road,Al Khawkhah,Brazil,73368-144
786-421-4900,Stacey Beeton,665 Vermont Alley,Caba,Brazil,73368-140
152-754-3463,Kore Dines,76171 Moose Drive,Bilicenii Vechi,Brazil,73130-148
603-350-7597,Ferdy Goulstone,30 Duke Lane,Satovcha,Brazil,73130-394
890-606-2823,Freeman Sylett,96955 Harbort Pass,Duma,Brazil,73130-154
950-768-5198,Alicea Sollam,2 Jenifer Hill,Khurriānwāla,Brazil,73130-118
602-599-1438,Lari Taylder,16 Red Cloud Street,Hoorn,Brazil,73368-160
951-854-9862,Amalita Bullar,43142 Mendota Way,Caracol,Brazil,73130-154
807-420-6544,Romona Dutnall,85 Holy Cross Lane,Měcholupy,Brazil,73130-139
286-529-2174,Lurline Walker,94761 Ridgeview Street,Dębno,Brazil,73130-124
780-734-4490,Norris Kidman,9469 Mosinee Street,Pushkin,Brazil,73130-385
504-477-1084,Carlee Hembrow,0 Fieldstone Alley,Liaoyang,Brazil,73130-331
328-624-7995,Siobhan Eisak,9 Raven Trail,Luleå,Brazil,73130-223
521-480-1757,Matty Such,53682 Logan Center,Adjumani,Brazil,73130-238
940-944-1271,Gil Thinn,182 Packers Trail,Margasari,Brazil,73130-271
461-286-8001,Thorvald Wilden,4988 Jenifer Park,Aldeia da Bela Vista,Brazil,73130-118
535-397-1429,Lutero Whitebread,43 Victoria Circle,Pojok,Brazil,73368-162
563-902-5386,Hortensia O'Hoolahan,86 Jackson Terrace,Bailieborough,Brazil,73130-010
694-694-3290,Dorisa Burgot,1 Arkansas Avenue,Kongkeshu,Brazil,73130-346
972-169-9448,Bernie Gomar,23849 Dovetail Terrace,Hengxizhen,Brazil,73130-235
861-134-8675,Irene Garnsworthy,0270 Basil Road,Ragana,Brazil,73130-103
885-362-1668,Glenn Vale,3842 Russell Crossing,Zyuzino,Brazil,73130-394
145-763-8007,Vaughn Fenemore,671 Mayfield Point,Wakefield,Brazil,73130-217
740-344-6649,Kinny Walczynski,8 Harper Way,Kliwon Cibingbin,Brazil,73368-160
924-879-6488,Baily Gleder,48 Iowa Court,Goim,Brazil,73130-124
825-786-5016,Cosimo Brannan,1230 Hintze Pass,Kamphaeng Phet,Brazil,73130-154
138-879-8122,Roosevelt Perillio,5859 Del Sol Pass,Shangying,Brazil,73368-140
869-569-3914,Danit Hedges,5 Little Fleur Road,Neuilly-sur-Seine,Brazil,73130-226
763-468-0584,Demetris Farnin,61796 Mitchell Crossing,Dawan,Brazil,73130-217
498-954-8919,Tatiania Monni,0342 Twin Pines Plaza,Vaitape,Brazil,73130-247
470-888-1263,Ada Andresser,22960 Hagan Center,Svorónos,Brazil,73130-301
254-621-1400,Zenia Dwerryhouse,57 Manitowish Hill,Nixi,Brazil,73130-175
922-828-5806,Lexi Rustidge,1701 Lunder Road,Shenshan,Brazil,73130-406
255-653-6896,Cornela Agutter,3 Saint Paul Center,Flers,Brazil,73130-286
214-694-5544,Elmo Headan,1327 Warner Pass,Dallas,Brazil,73368-140
711-981-4758,Modestia Girdwood,78460 Corscot Avenue,Al Nashmah,Brazil,73130-352
172-696-0161,Sandra Twiddy,06 Crescent Oaks Circle,El Benque,Brazil,73130-325
505-301-1138,Magdalene Minchell,83206 East Junction,Čačak,Brazil,73130-292
343-496-0216,Kassie Pashenkov,528 Sage Street,Muhoroni,Brazil,73130-331
670-433-3035,Rodolphe Do,30 Karstens Junction,Huangzhai,Brazil,73130-277
905-368-9903,Lacee Pettit,60 Carey Circle,Fenoarivo Be,Brazil,73130-178
429-324-5608,Alison Kittredge,18 Jay Plaza,Huamu,Brazil,73368-124
451-391-2272,Renelle Gaddie,31168 Moulton Parkway,Lysyanka,Brazil,73130-244
640-786-4735,Elsy Wilkennson,7828 Novick Circle,Rzhev,Brazil,73130-106
900-641-3596,Missy Wattisham,4 Blaine Hill,Porsgrunn,Brazil,73130-229
958-959-0146,Korella Doggart,8 American Ash Hill,Caldas,Brazil,73130-295
646-559-4607,Lizbeth Likly,61 Paget Crossing,San José Acatempa,Brazil,73368-130
905-619-2150,Vitia Sothcott,53501 Monument Drive,Jayyūs,Brazil,73130-385
296-787-2249,Glennis Malin,2 Reinke Hill,Sauri,Brazil,73130-103
862-692-8446,Chickie Dossettor,4296 Warrior Lane,Bumbuna,Brazil,73130-340
566-950-1029,Scotty Norledge,957 Bowman Court,Navan,Brazil,73130-391
254-425-0666,Elset Winchcomb,2 Superior Park,Ozorków,Brazil,73368-132
511-912-1061,Patience Mars,8 Basil Trail,Zhenshan,Brazil,73130-199
778-480-3823,Archibold Korous,35 Hanson Court,Três Pontas,Brazil,73130-322
129-207-8370,Randall Palke,773 Green Park,Manaulanan,Brazil,73130-010
550-622-6534,Kissee Downie,6402 Namekagon Street,Bombardopolis,Brazil,73130-325
143-590-0697,Claude Holtum,5703 Kropf Parkway,Barão de Melgaço,Brazil,73130-292
366-629-4576,Marna Morrilly,263 Center Place,Nizhnyaya Tura,Brazil,73130-295
458-670-7737,Carmencita Mc Caghan,3386 Thierer Hill,Wukari,Brazil,73130-250
597-454-8435,Mara Ericsson,28423 Lawn Alley,Ochakovo-Matveyevskoye,Brazil,73130-349
960-926-4622,Miller Esome,284 Fulton Drive,Daijiaba,Brazil,73130-298
733-249-0355,Tris Baford,1737 Loeprich Parkway,Jevíčko,Brazil,73130-241
336-142-2681,Hayyim Thickpenny,50 Burrows Trail,Mó,Brazil,73130-397
287-159-1101,Charmian Stockman,7 Hanover Junction,Kŭlob,Brazil,73368-162
849-267-1847,Lelia Kleiner,63 Ridge Oak Park,Guifões,Brazil,73130-169
415-751-0654,Melicent Jakubovski,26748 Atwood Hill,Surulangun Rawas,Brazil,73130-259
848-351-2309,Tarrah Mullane,6637 Waubesa Crossing,Banho e Carvalhosa,Brazil,73368-132
554-818-8870,Kevin Dunnan,35 Forest Run Road,Kampala,Brazil,73130-142
460-128-5255,Mackenzie Tacker,47930 Merry Court,Fatufeto,Brazil,73130-250
751-478-7216,Yoko Skeggs,38548 Onsgard Terrace,Bagé,Brazil,73130-346
802-544-7487,Rosetta O'Scanlan,38 Golf View Parkway,Larap,Brazil,73130-124
739-226-2960,Claudianus Pinkney,485 Hooker Road,Zarumilla,Brazil,73130-256
832-459-2008,Teresa Measham,9 Schurz Court,Kīevka,Brazil,73130-238
513-380-9425,Camellia Le Clercq,77845 High Crossing Avenue,Cincinnati,Brazil,73130-385
361-199-4426,Leeland Bernli,50 1st Place,Naranjos,Brazil,73130-385
696-127-3511,Cati Rolfs,17 Oak Valley Point,Nova Odessa,Brazil,73130-229
829-250-7134,Marve Morrell,07 Nancy Place,Huai Yot,Brazil,73130-241
128-322-4787,Magdalen Howen,76859 Northridge Terrace,Santa Clara,Brazil,73130-319
979-580-9635,Matthaeus Slayton,07327 Melby Alley,Hefu,Brazil,73130-109
772-149-9345,Elsie Millbank,8691 Sachs Plaza,Bijeli,Brazil,73368-120
927-230-0554,Boot Jarrette,3367 8th Crossing,Ddmashen,Brazil,73368-124
369-883-7185,Birch Sears,96771 Chinook Plaza,Sepatan,Brazil,73130-349
581-175-8089,Roderick Reany,85 Darwin Pass,Laslovo,Brazil,73368-140
650-898-2580,Quinlan Jennery,68 Oriole Crossing,Gwadabawa,Brazil,73130-283
717-692-6824,Jessica Pydcock,60 Tomscot Court,Alkmaar,Brazil,73368-164
515-352-2606,Cathryn Swannick,257 Maryland Pass,Gaoqiao,Brazil,73130-283
539-706-1149,Jobye Ciementini,1207 Northfield Circle,Ciawi,Brazil,73368-152
753-520-2904,Caro Turbat,7635 Clyde Gallagher Circle,Le Mans,Brazil,73130-112
374-480-8365,Karlyn Mallia,025 Ryan Crossing,Jicun,Brazil,73130-163
343-614-3943,Maryellen Davidi,0 Norway Maple Drive,Qulsary,Brazil,73130-262
262-469-3509,Paten Ryce,63230 Debra Road,Los Pinos,Brazil,73368-160
218-196-8172,Engracia Guiett,2102 Golf Course Parkway,Sigma,Brazil,73130-181
324-631-9562,Susi Blatherwick,38 New Castle Street,Bokor,Brazil,73130-238
481-386-0198,Derrik Clardge,839 Sullivan Crossing,Vikhorevka,Brazil,73130-403
305-927-3788,Kerrie Nolan,50 Calypso Pass,Rulenge,Brazil,73130-340
518-118-8242,Pembroke Trebbett,547 Pepper Wood Lane,Maskinongé,Brazil,73130-385
168-766-2318,Johan Vedenyakin,94 Victoria Terrace,Kampungtengah,Brazil,73130-124
218-790-0396,Anabelle Hyett,83025 Milwaukee Avenue,Kabale,Brazil,73130-310
757-315-3030,Harriett Gianullo,2 Hintze Avenue,Jiangzao,Brazil,73368-124
317-324-9602,Boniface Haythorn,79247 Waxwing Way,Kotor,Brazil,73130-295
912-120-6671,Harlene Witcombe,77236 Warrior Avenue,Arcos de Valdevez,Brazil,73368-122
911-561-9548,Drusi Edeler,72925 Loomis Drive,Jiangqiao,Brazil,73130-175
351-351-4119,Marita Theakston,1904 Shopko Parkway,Selnica,Brazil,73130-112
165-445-2020,Vania Abbatt,232 Shasta Hill,Bualu,Brazil,73368-122
386-656-9833,Frederico Luckin,95 Schurz Point,Pak Chong,Brazil,73130-385
359-235-5462,Christophorus Berringer,18929 Schurz Trail,Carpenter,Brazil,73130-400
616-135-9509,Goldina Andrag,1291 Farmco Terrace,Lolayan,Brazil,73130-268
985-606-8608,Murry Grier,65 Macpherson Plaza,Raofeng,Brazil,73368-112
457-646-9016,Ceciley Plowes,8622 Loeprich Alley,Mayo Belwa,Brazil,73130-181
381-692-5978,Arliene Litt,344 Rutledge Drive,Herrera,Brazil,73130-196
133-448-7327,Butch Callister,5 Atwood Park,Hŭngju-dong,Brazil,73368-120
419-446-8781,Willi Scopham,1339 Heffernan Street,Corujeira,Brazil,73130-280
376-565-2527,Lynea McPhelimy,3087 Oneill Parkway,Kangshan,Brazil,73130-142
792-715-4191,Erica De Meyer,9 Scoville Lane,Patrocínio,Brazil,73130-256
699-744-6832,Beverly Webling,7 Eastlawn Terrace,Las Ánimas,Brazil,73130-280
661-121-9586,Aubree Sitlington,380 Scoville Crossing,Gaoyang,Brazil,73368-140
516-598-9284,Geri Websdale,451 Fair Oaks Junction,Cambanugoy,Brazil,73130-106
986-436-0509,Cecilla Howchin,47086 Michigan Way,Tekes,Brazil,73130-118
968-235-7388,Jake MacKilroe,7498 Almo Trail,Cabinda,Brazil,73130-349
442-201-6215,Bell Spargo,9284 Welch Crossing,Semiluki,Brazil,73130-124
363-121-1849,Dalia Padmore,8 Hoard Circle,Dadianzi,Brazil,73368-162
585-322-3594,Kerrin Alywen,6160 Bunker Hill Hill,Extrema,Brazil,73368-130
127-532-3588,Buddy Murfill,3450 Shelley Lane,Constanza,Brazil,73130-256
351-856-9746,Matthias Duckworth,9 Menomonie Place,Piracaia,Brazil,73130-124
581-743-8258,Grantham Lamming,78332 Melody Street,Kabala,Brazil,73130-355
729-554-9533,Daile Sonner,93 Pleasure Street,Garupá,Brazil,73130-190
924-481-2199,Edik Collins,53180 Schmedeman Trail,Artemisa,Brazil,73130-307
499-230-5671,Hunfredo Cater,1055 Buhler Street,Zaliznychne,Brazil,73130-130
747-907-4190,Cedric Gormally,4 Nancy Pass,Tan-Tan,Brazil,73368-132
545-950-7988,Layton Thirlwall,7964 Almo Road,Maanĭt,Brazil,73368-132
786-207-9279,Kort Caistor,535 Merrick Park,Banjar Timbrah,Brazil,73130-145
197-492-6843,Erie Farlam,19 Oakridge Court,Payabon,Brazil,73130-247
942-748-0621,Bryna Dimmick,0436 Esch Street,Gaojia,Brazil,73130-388
715-739-0272,Jasen Castells,1282 Kinsman Point,Angoulême,Brazil,73368-122
120-810-7070,Meghann Jehaes,8 Del Mar Hill,Tsagaandörvölj,Brazil,73130-157
154-746-1708,Salem Barrable,976 Karstens Pass,Aţ Ţīrah,Brazil,73130-130
690-437-8325,Maritsa Blewett,1 Crownhardt Alley,Zeewolde,Brazil,73130-101
557-500-8296,Tobi Espinel,68986 Ruskin Terrace,Qinggang,Brazil,73368-152
729-964-9652,Lorenza Treves,93581 Bunker Hill Plaza,Milagros,Brazil,73130-331
501-240-6279,Teri Hazel,9 Victoria Crossing,Xinó Neró,Brazil,73130-283
870-163-6780,Marlo Jeske,13 Lerdahl Drive,Leran Wetan,Brazil,73130-250
407-976-8266,Alfy Bailey,1345 Maple Wood Circle,Budapest,Brazil,73368-142
700-298-9437,Korie Bamforth,0 Garrison Road,Kogon,Brazil,73130-277
244-921-6418,Tisha Moncreiffe,3 Stephen Lane,Ongandjera,Brazil,73130-226
923-393-2047,Tom Heaps,78 Schlimgen Pass,Tazemmourt,Brazil,73130-340
621-561-0238,Antonie Godfery,3 Debs Point,Lintingkou,Brazil,73368-132
398-440-6606,Gardner Aukland,29947 Manitowish Junction,Malimaneek,Brazil,73130-277
328-591-8621,Celle Whild,32727 Westport Park,San Juan Ermita,Brazil,73130-268
213-657-6021,Magda Threadgill,13899 Holmberg Place,Oljoq,Brazil,73130-355
863-369-0862,Clarance Winmill,4 Clyde Gallagher Road,Klobuky,Brazil,73130-181
989-627-8365,Sandye Bechley,02017 Dorton Lane,Malawag,Brazil,73130-319
513-307-8199,Zita Ralls,028 Shoshone Center,Zolotonosha,Brazil,73130-103
510-139-7981,Kennith Aked,19 Fisk Park,Alma,Brazil,73130-259
386-227-3290,Renie Balshen,7222 Jay Crossing,Lębork,Brazil,73130-241
332-750-3276,Ursola Romagosa,6 Loftsgordon Lane,Trondheim,Brazil,73130-178
592-248-0610,Astra Degli Antoni,609 Vernon Lane,Bacolod,Brazil,73130-310
828-329-6911,Isaak Annion,8 Dawn Terrace,Daluo,Brazil,73130-223
508-763-9193,Geraldine Scrymgeour,346 Granby Point,Khāsh,Brazil,73130-295
341-105-2498,Adelaide Cornelleau,6 Schurz Parkway,Kayar,Brazil,73130-109
463-307-2657,Zarah Flowitt,608 International Circle,Diourbel,Brazil,73130-301
876-436-9650,Neddie Spykins,25 Thierer Hill,Bergvliet,Brazil,73130-101
466-930-1476,Emelita Caldaro,9987 Ronald Regan Pass,Kanluran,Brazil,73130-190
284-392-7271,Alayne Pether,712 Bay Point,Pantukan,Brazil,73130-328
424-738-7022,Annie Kellert,95546 1st Hill,Myanaung,Brazil,73130-217
175-428-1037,Normy Hearsey,48588 Claremont Circle,Reims,Brazil,73130-124
773-567-4976,Abbye Willox,53073 Walton Lane,Quchi,Brazil,73368-130
722-517-0480,Corby Spurdens,4 Red Cloud Center,Macaíba,Brazil,73130-283
500-912-3795,Priscella Signorelli,97012 Everett Street,Sapat,Brazil,73130-250
573-567-4530,Emlyn Leacock,94875 Alpine Drive,Kudang,Brazil,73130-154
630-299-0102,Maren Patnelli,496 Ryan Street,Chicago,Brazil,73130-343
416-902-4935,Johan Sarchwell,94936 Esker Parkway,Qiryat Motzkin,Brazil,73130-307
661-356-9272,Darius MacSharry,78340 8th Parkway,Kilingi-Nõmme,Brazil,73130-163
601-226-4156,Sherie Manicom,32536 Kedzie Drive,Trieste,Brazil,73368-112
920-955-7206,Bernadette Dyne,254 Forest Lane,Mariental,Brazil,73130-352
566-853-8235,Lettie Guyonnet,7 Anderson Drive,General Elizardo Aquino,Brazil,73130-319
623-919-2669,Rosalinde Girogetti,03 Huxley Hill,Trajouce,Brazil,73130-101
996-182-9802,Perri Cowdray,2669 Arizona Center,Dongyuan,Brazil,73130-277
710-847-4154,Remington Shadbolt,45 Farragut Lane,Qijiaxi,Brazil,73130-172
553-851-7678,Worth Sixsmith,6 Ilene Center,Kępno,Brazil,73130-358
522-625-8370,Claire O'Hengerty,25971 Anhalt Drive,Tong’an,Brazil,73368-130
669-939-9127,Ansel Macallam,179 Colorado Point,Quiriquire,Brazil,73130-163
113-468-4569,Tybie Januszkiewicz,390 Pennsylvania Center,Charlton,Brazil,73130-286
604-271-8369,Emmalynne Szymanski,31789 Dakota Alley,Sabana Grande,Brazil,73130-325
793-729-4551,Theobald Stebbins,19 Grover Street,Na Yung,Brazil,73368-150
273-485-6763,Kirk Olver,8698 Hallows Plaza,Pincher Creek,Brazil,73130-112
264-108-9660,Jeffry Heake,42 Crownhardt Center,Greenhills,Brazil,73130-343
108-548-7434,Dasha Keemer,7 Park Meadow Parkway,São José do Rio Preto,Brazil,73368-164
504-575-0263,Agata Reisenstein,59796 Harbort Parkway,Quezaltepeque,Brazil,73130-112
155-399-1410,Ellerey Ferrari,34 Riverside Parkway,Yessentukskaya,Brazil,73130-136
323-460-7458,Sanders Whistan,6775 Eliot Street,Blois,Brazil,73130-277
605-147-8526,Nike Pettendrich,78 Drewry Point,Loujiadian,Brazil,73130-178
428-774-0971,Michele Leggate,47531 Bobwhite Terrace,Moshiyi,Brazil,73130-181
469-534-7062,Tann Common,14 Westerfield Hill,Cotuí,Brazil,73130-214
524-103-2599,Nickie Micheu,3 Sachs Terrace,Piracanjuba,Brazil,73130-322
940-769-9489,Shanna Lethabridge,81 Hayes Road,Gore,Brazil,73130-238
680-968-8685,Fred Ionesco,6 Butternut Junction,Moya,Brazil,73130-388
472-241-9882,Leshia Brettoner,650 School Avenue,Sindangsari,Brazil,73130-154
107-322-3383,Boigie Edelston,743 Blackbird Plaza,Sanchahe,Brazil,73130-319
502-579-8141,Alvira Kareman,41467 2nd Way,Altanbulag,Brazil,73130-265
679-952-9280,Etheline Alderman,38531 Moulton Drive,Sann,Brazil,73130-157
437-416-6861,Tandy Gwioneth,19 Redwing Pass,Ringinrejo,Brazil,73130-118
984-821-1557,Melisande Dossett,424 Moose Street,Ozëry,Brazil,73130-175
316-245-0939,Richie Genever,1172 Dixon Pass,Wichita,Brazil,73368-146
561-895-9136,Elliott Beecroft,0173 Havey Pass,Olkusz,Brazil,73130-328
342-123-2853,Letizia Avey,8 Arrowood Plaza,Shiling,Brazil,73130-319
403-200-0397,Louise Liveley,6615 Petterle Parkway,Strabychovo,Brazil,73368-100
373-665-8294,Daniella Rawlin,7527 Lakewood Gardens Terrace,Karanglincak,Brazil,73130-295
195-507-1628,Leola Visick,0993 Sheridan Pass,Charlesland,Brazil,73130-217
405-847-1622,Theodosia Southall,920 Stang Hill,Trollhättan,Brazil,73130-241
135-274-7234,Diannne Fairbrother,80973 Fieldstone Center,Panglanjan,Brazil,73130-403
222-419-2726,Alicea Chilver,26512 Cottonwood Avenue,Frampol,Brazil,73130-103
212-645-5702,Dominique Tineman,56 Marcy Lane,Yāsūf,Brazil,73130-127
827-153-6736,Rustie Profit,2 Oxford Drive,Canto,Brazil,73130-157
758-164-1937,Windy Woolfall,394 Redwing Crossing,Le Mans,Brazil,73130-175
783-197-7812,Lon McCunn,05 Bobwhite Plaza,Dunaivtsi,Brazil,73130-334
909-277-3767,Hazel Biaggioli,05 Mariners Cove Trail,Sterlitamak,Brazil,73130-271
100-577-8037,Roobbie Farady,66 Porter Crossing,Ichinohe,Brazil,73130-388
812-669-6285,Anthe Guerry,19 Hagan Parkway,Jindaoxia,Brazil,73368-142
158-590-2913,Kalinda Jiroutek,42476 Hazelcrest Crossing,Maliang,Brazil,73130-010
409-669-3492,Ibrahim Morales,348 Buena Vista Alley,Skövde,Brazil,73130-346
854-578-0156,Jorrie Muffett,5 Shasta Plaza,Albacete,Brazil,73130-106
751-770-3196,Yehudit Klemenz,9 Vermont Alley,Baguio,Brazil,73130-181
797-288-8703,Sarita Hurtic,096 Reindahl Hill,Mykolayiv,Brazil,73130-142
627-990-3983,Vail Cumpsty,13409 Knutson Place,Sydney,Brazil,73130-349
859-550-6805,Caitlin Hansford,50494 Ruskin Hill,Jawand,Brazil,73368-112
744-299-5069,Pancho Armitage,2058 Di Loreto Center,Marolambo,Brazil,73130-346
544-649-7829,Lyda Elbourn,14 Donald Crossing,Zhongxinqiao,Brazil,73130-355
824-310-3058,Brenden Bartul,146 East Trail,Mucurapo,Brazil,73130-256
772-247-9537,Vi Forty,88191 Sutherland Plaza,Guadalupe,Brazil,73130-229
537-503-3454,Annissa Opdenorth,04 Utah Point,Belyye Berega,Brazil,73130-109
311-632-7021,Erwin Gilberthorpe,81595 Mallard Way,Huaizhong,Brazil,73130-385
765-822-1129,Dyan Whitwell,20347 Almo Circle,Urbiztondo,Brazil,73130-364
576-829-0121,Neilla Spoors,8 Derek Lane,Jiaokou,Brazil,73130-397
692-999-8430,Emlynne Haws,7 Westend Parkway,Candi Prambanan,Brazil,73130-340
714-267-5384,Theresita Jellybrand,13 Fulton Trail,Zgornje Jezersko,Brazil,73130-220
893-487-3634,Meredith Tieman,85 Nova Center,Ventanas,Brazil,73130-385
619-578-3307,Jonis Pittet,276 Kenwood Avenue,Itu,Brazil,73130-106
258-427-6497,Alric Algar,6151 Holmberg Circle,Kohtla-Järve,Brazil,73130-280
148-905-9161,Ricky Fortoun,41 Bowman Lane,São Borja,Brazil,73130-187
789-461-6391,Jacob Papez,70 Forest Dale Place,Uppsala,Brazil,73130-900
548-871-3733,Ailsun Gaughan,32 Express Street,Belawang,Brazil,73130-388
909-999-0607,Lucille Maken,5518 Arizona Hill,Baishan,Brazil,73130-295
626-494-6121,Malanie Durram,0939 Brown Junction,Pasadena,Brazil,73130-247
216-278-0793,Georgie Liver,23 Hoffman Junction,Ialibu,Brazil,73130-217
476-223-3851,Gonzales Karolewski,8 Ruskin Plaza,Helsingborg,Brazil,73130-400
396-753-0615,Gustav Vecard,7325 Huxley Crossing,León,Brazil,73368-142
152-270-9514,Denyse Simms,708 1st Plaza,Minji,Brazil,73368-124
517-988-7359,Arlen Fantonetti,7530 Mayfield Plaza,Sake,Brazil,73368-112
721-662-6128,Annabella Dillinton,78041 Northwestern Trail,Lapachito,Brazil,73130-250
133-641-3000,Wiley Resdale,035 Sutteridge Point,Chalu,Brazil,73130-343
954-719-0375,Carmella Holstein,9308 Veith Place,Maonon,Brazil,73130-385
302-457-2284,Tad Jinkinson,74 Pennsylvania Place,Návsí u Jablunkova,Brazil,73368-110
185-912-9705,Oswald Alberts,60599 Maryland Parkway,Старо Нагоричане,Brazil,73130-262
985-968-4257,Bail Careswell,12413 Karstens Court,Shiye,Brazil,73130-355
585-446-8628,Corbie Scarratt,183 Service Trail,Rochester,Brazil,73130-301
456-581-7518,Erhard Jocic,0 Menomonie Pass,Velykyy Burluk,Brazil,73130-163
226-642-5841,Craig Tuftin,050 Shelley Court,Qinghaihu,Brazil,73130-166
711-485-6294,Davide Erwin,173 Lillian Park,Värnamo,Brazil,73368-152
630-233-0419,Lexine Stanfield,65 Lukken Street,Novopokrovskaya,Brazil,73130-346
861-650-4290,Sheeree Habeshaw,23786 Gerald Avenue,Nigríta,Brazil,73368-112
533-907-7678,Cleavland Gennings,1468 Summerview Plaza,Kamennyye Potoki,Brazil,73130-310
396-854-7515,Violetta Kiezler,37 Memorial Alley,Bilaran,Brazil,73368-122
293-415-7912,Gery Gallone,07381 Corben Road,Vienne,Brazil,73130-355
919-142-7762,Prisca Soppit,66189 Nevada Drive,Picoto,Brazil,73368-144
196-530-2514,Brad Faint,73 Kedzie Center,Yinyang,Brazil,73368-122
982-428-8432,Berne Bamlett,5 Nelson Lane,Pingdu,Brazil,73130-101
494-609-6233,Fay Claque,587 Macpherson Hill,Kurnāz,Brazil,73130-307
957-913-7242,Barbey Ryder,5 Vidon Crossing,Šmartno pri Litiji,Brazil,73130-406
166-659-5922,Karie Edmeads,76615 Twin Pines Place,Plalar,Brazil,73130-190
210-152-4887,Livvie Cram,270 Washington Drive,Sotnikovskoye,Brazil,73130-010
912-920-8881,Maddy Robken,78 New Castle Avenue,Bolderaja,Brazil,73130-148
402-527-3063,Cordelie Rowly,843 Towne Way,Urkarakh,Brazil,73130-256
448-964-7400,Brannon Rubin,69560 Northland Place,Gangsha,Brazil,73130-277
716-383-4166,Kristal Blanchard,6 Esch Lane,Vichuga,Brazil,73130-223
134-192-0118,Clementine Wanklin,950 Dexter Junction,Cimadang,Brazil,73368-162
578-109-6013,Sascha Feare,3870 Badeau Pass,Adirejo,Brazil,73130-124
874-458-2221,Darbee McNea,85203 Manley Junction,Labytnangi,Brazil,73130-220
449-776-8652,Morena Adaway,353 Rieder Alley,Henglu,Brazil,73130-385
792-563-4610,Anastasie Priestman,00 Nelson Plaza,‘Aşīrah ash Shamālīyah,Brazil,73130-280
951-269-4352,Joshia Mirfin,1116 Clove Crossing,Shchuchin,Brazil,73130-364
515-940-0377,Way Gatherer,033 Manitowish Alley,Jinping,Brazil,73130-394
994-221-8016,Hedvig Pothbury,1550 Utah Trail,Palhoça,Brazil,73130-148
105-215-9695,Catlee China,94 Carberry Lane,Awarawar,Brazil,73130-109
133-103-2297,Elicia Hastin,48647 Warbler Circle,Alcoy,Brazil,73130-121
573-669-6296,Hale Fawley,472 Valley Edge Lane,Bayeux,Brazil,73130-382
713-188-2846,Aldridge Bannerman,410 Buhler Circle,Mejdan - Obilićevo,Brazil,73130-292
559-704-7156,Rusty Mullineux,4989 Texas Parkway,Ulaanbaatar,Brazil,73130-307
247-933-9297,Zeb Rothwell,908 Lawn Pass,Villeneuve-sur-Lot,Brazil,73368-132
415-929-7667,Aime Olivey,96659 Lakeland Place,Hesi,Brazil,73130-220
439-156-6993,Christoffer Ebdon,26416 Walton Road,Bulakgebang,Brazil,73130-385
859-493-9890,Irvine Bischop,5697 Springs Road,Beiqi,Brazil,73130-106
548-752-8602,Flossi Muat,604 Summerview Drive,Passos,Brazil,73130-010
253-131-8901,Matty Figiovanni,3528 Heffernan Crossing,Tacoma,Brazil,73130-292
401-844-0960,Vanna Parmiter,3395 Quincy Junction,Knyszyn,Brazil,73130-331
424-318-2516,Brenden Maystone,28092 Gerald Road,Huwei,Brazil,73130-109
833-395-7112,Winslow Tatteshall,44861 Hoffman Terrace,Kampen (Overijssel),Brazil,73130-265
582-198-2657,Caty Jeremiah,24 Merrick Pass,Dalovice,Brazil,73130-190
834-910-0331,Giovanni Olivera,19 Mandrake Lane,Zhangcheng,Brazil,73130-109
701-742-3462,Fredra Josephson,0 Dorton Crossing,Pitanga,Brazil,73130-214
111-345-9120,Auberta MacSporran,19163 Larry Plaza,Ngudu,Brazil,73130-298
110-485-5927,Kalila Dagnan,503 Utah Park,San Agustín Acasaguastlán,Brazil,73130-166
680-200-8282,Kirstin Breward,4496 Spaight Park,Ciguha Tengah,Brazil,73130-196
799-762-1112,Guendolen Crosskell,24648 Hansons Center,Buzet,Brazil,73130-193
614-309-1061,Nalani Ullett,771 Hintze Way,Columbus,Brazil,73130-172
976-348-1248,Morissa Gerling,534 Clarendon Center,Boncis,Brazil,73368-146
529-215-0757,Jordan Swaine,23 Golden Leaf Alley,Rio Preto da Eva,Brazil,73130-101
421-290-7861,Simeon Hembrow,56777 Briar Crest Court,Monastirákion,Brazil,73130-307
214-204-3482,Martina Gwinn,6 Derek Lane,Chengjiao,Brazil,73130-223
279-231-4015,Zak Forlong,747 Lukken Trail,Ośno Lubuskie,Brazil,73130-313
573-933-4213,Cassie Allsworth,0 Truax Park,Chikushino-shi,Brazil,73130-364
821-997-0401,Jandy Dunbavin,331 Quincy Center,San Carlos,Brazil,73368-122
230-437-6525,Robbyn Shimoni,00 Westerfield Park,Watangan,Brazil,73130-382
619-444-1989,Addy Clausius,8211 Pankratz Terrace,Pacet,Brazil,73130-124
384-439-5980,Allyn Dingle,67 Sherman Place,Chengmagang,Brazil,73130-235
819-213-9093,Tawnya Robinette,0 Cambridge Parkway,Taraz,Brazil,73130-355
898-261-0613,Karylin Curedale,23 Talmadge Avenue,Fangyan,Brazil,73130-112
350-104-6591,Tarah Oakes,2706 Ilene Street,Yuzui,Brazil,73368-112
595-260-4021,Sydney Ebbetts,829 Meadow Valley Street,Corozal,Brazil,73130-358
152-598-8131,Cordy Ghio,1987 Dayton Pass,Andrushivka,Brazil,73130-145
448-603-4781,Daniella Standfield,0057 Green Ridge Crossing,Shizunai-furukawachō,Brazil,73130-101
706-999-5886,Myrta Scolding,50 Milwaukee Drive,Alukama,Brazil,73130-187
231-137-8939,Pietrek Megahey,9589 Grasskamp Court,San Nicolas,Brazil,73130-382
692-326-4403,Esther Oxe,3 Hayes Pass,San Guillermo,Brazil,73368-140
173-565-9261,Damiano Tytterton,5998 Cardinal Plaza,Sibbo,Brazil,73130-238
758-567-6224,Liana Fisk,663 Kings Lane,Ashford,Brazil,73130-397
826-260-6521,Michal Perrett,953 Moulton Way,Bekwai,Brazil,73130-214
117-895-0730,Humberto McQuilkin,7 Sage Avenue,Nanqiu,Brazil,73130-118
489-401-2609,Ninnette Trobe,5004 Sunbrook Center,Zafar,Brazil,73130-352
822-117-3427,Graig Colles,2517 Summit Hill,Brejoeira,Brazil,73130-112
637-110-5022,Armand Romagnosi,6 Lotheville Park,Malāyer,Brazil,73130-010
629-471-8970,Wakefield Miell,3 Warbler Parkway,Karangmangu,Brazil,73130-142
935-583-0423,Horatio Gillfillan,4793 Oakridge Plaza,Serra da Boa Viagem,Brazil,73130-388
547-547-2592,Melvin Bembrigg,94 Northport Hill,Kaédi,Brazil,73368-164
356-581-5558,Ricardo Ilbert,294 Spohn Terrace,Lamas,Brazil,73368-164
895-879-4861,Paulette Tiddeman,240 Westridge Circle,Girardot,Brazil,73130-310
752-836-7859,Lester Ebbles,8 Coleman Way,Wangon,Brazil,73368-100
564-812-1401,Cheryl Gunbie,43 Dryden Terrace,Baška Voda,Brazil,73130-322
855-287-1352,Alexandro Dowsett,701 Swallow Street,Huanghua,Brazil,73130-340
699-269-6158,Pacorro Aveline,67 Grasskamp Hill,Rodolívos,Brazil,73130-352
413-187-6742,Tiffi Cleator,7902 Barnett Place,Nailong,Brazil,73130-235
465-626-8295,Archibaldo Dominey,704 Upham Street,Hats’avan,Brazil,73130-280
670-345-7886,Banky Sallter,43 Ramsey Way,El Tejocote,Brazil,73130-391
184-644-9594,Belva Mallett,57896 Talisman Lane,Shizukuishi,Brazil,73130-325
101-517-3859,Brocky Saines,4102 Grasskamp Point,Tsubame,Brazil,73130-148
860-850-8758,Lyndsay Imlach,77114 Kropf Place,Madīnat Ḩamad,Brazil,73130-900
116-813-8549,Magnum Tole,32 Kenwood Terrace,Leśnica,Brazil,73130-388
363-375-6507,Lynda Wong,52834 Autumn Leaf Alley,Mouzourás,Brazil,73130-101
953-583-0506,Starr Maiden,69 Sauthoff Court,Safotu,Brazil,73130-307
766-854-6653,Antonin Jochens,09 Esch Plaza,Chaoyang,Brazil,73130-148
387-588-8113,Harriot Drezzer,55120 Garrison Court,Primorsk,Brazil,73368-132
534-518-9285,Edith Pentercost,784 Portage Avenue,Tendō,Brazil,73130-127
701-741-4422,Jessy Slyvester,126 Dunning Plaza,Hutang,Brazil,73130-220
581-231-1449,Giavani Camber,96 Iowa Pass,Mrągowo,Brazil,73130-118
132-485-7631,Shay Dinnis,8 Sommers Avenue,Las Higueras,Brazil,73130-139
633-692-5546,Janeva Sikora,9 Monica Point,Sitovo,Brazil,73130-101
411-243-3007,Egbert Sibbald,05675 Oriole Lane,Tran,Brazil,73130-130
206-940-0281,Morlee Saxon,942 Southridge Way,Xifangcheng,Brazil,73130-325
948-791-4407,Andriana Petchell,5 Brickson Park Circle,Ningxin,Brazil,73130-217
833-146-2711,Jermain Burgen,1 Surrey Pass,Sokyryany,Brazil,73130-196
399-882-9218,Angelica Dutson,5231 Esker Drive,Puerto Francisco de Orellana,Brazil,73130-124
819-534-8733,Ailis Hengoed,439 Carey Circle,Matsushima,Brazil,73130-352
968-171-4096,Brent Shawcross,85 Lerdahl Circle,Alta Gracia,Brazil,73130-196
414-885-0559,Donny Sterling,8619 Amoth Park,Chongjin,Brazil,73130-214
362-755-8269,Viv Ephson,9 Novick Trail,Oltintopkan,Brazil,73130-106
699-777-7550,Persis Blackford,9824 Duke Parkway,Mutis,Brazil,73130-391
153-778-1063,Hakim Blowes,0896 Blaine Pass,Olleros,Brazil,73130-265
375-496-7908,Billye Cramond,5 Bonner Park,Pingsha,Brazil,73130-295
687-144-0619,Dru Stroulger,80 Russell Point,Tonggoh,Brazil,73130-142
261-166-2027,Rolph Spriggs,08082 Westend Point,Tengah,Brazil,73130-181
201-925-1220,Dwayne Garrie,7286 Thierer Court,Gwanda,Brazil,73130-298
240-637-9250,Dori McKnockiter,04728 Quincy Alley,Xiaochi,Brazil,73130-340
119-154-5822,Asher Rupel,9 Pankratz Drive,Even Yehuda,Brazil,73130-166
498-229-3923,Waiter Koppes,22 Myrtle Lane,Matangshan,Brazil,73130-139
174-900-7515,Alard Battabee,8 American Crossing,Guarulhos,Brazil,73368-164
583-752-7954,Phelia Bengtsen,7746 Clemons Parkway,Salogon,Brazil,73130-256
814-586-1561,Madonna Cahan,27378 Maple Wood Crossing,Sandy Bay,Brazil,73130-220
416-904-5565,Kylen Gounod,6 Leroy Road,Kamieniec,Brazil,73130-235
702-998-3848,Venus Giddens,7 Kim Alley,Hexi,Brazil,73368-162
369-720-0003,Alaster Sigsworth,3052 Russell Avenue,Willowdale,Brazil,73130-172
937-949-8468,Crosby Budgen,2 Huxley Point,Mežica,Brazil,73130-139
900-151-3681,Bettina Speechly,44 Sheridan Circle,Strömsund,Brazil,73130-301
658-556-6751,Beverie Flisher,6386 Anthes Lane,Puerto Boyacá,Brazil,73130-352
523-834-5986,Timmi Garaghan,0 Del Mar Hill,Dijon,Brazil,73130-148
111-100-9190,Alden Calbreath,6 Continental Terrace,Coronda,Brazil,73130-349
309-841-9076,Hayley Ledster,40 Corscot Lane,Calibishie,Brazil,73130-271
474-242-7373,Giorgi Emons,7 Spaight Circle,Clonskeagh,Brazil,73130-196
362-336-5243,Tris Shackleford,84145 Acker Way,Casablanca,Brazil,73130-229
790-890-1583,Adela Pinckard,778 Milwaukee Street,Chacabuco,Brazil,73130-322
737-823-8001,Teriann Goodlet,0 Texas Way,Bejuco,Brazil,73130-349
881-638-3337,Bevan Danis,8 Sycamore Avenue,Thành Phố Uông Bí,Brazil,73368-112
939-542-3134,Eldridge Endacott,43919 Tennyson Drive,Rusip,Brazil,73130-101
645-604-3311,Naomi Senecaux,7484 Thackeray Alley,Vol’nyy Aul,Brazil,73368-164
355-463-5451,Shelden Triggol,5 Springview Alley,Karlstad,Brazil,73368-124
519-847-3765,Floris Dive,5 Ryan Plaza,Trikora,Brazil,73130-352
110-496-3682,Isaac Buckby,4 Farragut Circle,Faḩmah,Brazil,73130-388
629-319-3405,Sydney Morais,123 Grasskamp Plaza,Rada Tilly,Brazil,73368-162
820-437-8907,Yorgos Jordi,6121 Vahlen Way,Kumamoto,Brazil,73130-109
766-252-2330,Benedikt Mosdell,57 Swallow Lane,Ojos de Agua,Brazil,73130-325
531-678-4090,Judye Paulazzi,766 Grover Court,Elverum,Brazil,73130-247
384-360-6214,Matt Heinish,29446 Columbus Junction,Esperanza,Brazil,73368-140
868-588-1912,Inge Ransome,7 La Follette Lane,Dayong,Brazil,73130-172
848-243-6605,Tabbie Kirckman,35860 Daystar Place,Zuya,Brazil,73130-343
742-715-2574,Hersh Farbrace,03866 Meadow Vale Crossing,Tromsø,Brazil,73130-169
415-475-7157,Basia Tobias,3 Eliot Way,Jesenice,Brazil,73368-112
706-204-0152,Granger Bunting,8 New Castle Hill,Pemba,Brazil,73368-140
243-188-5909,Dorella Crowter,4497 Dahle Trail,Luže,Brazil,73130-268
406-536-8685,Llywellyn Girodin,1078 Petterle Road,Mēga,Brazil,73130-340
997-247-4783,Stewart Stopford,5 Lukken Way,La Motte-Servolex,Brazil,73130-157
939-943-3603,Eugenius Lottrington,91146 Sutherland Center,Tikiw,Brazil,73130-142
885-993-7202,Gilberte Burnep,81713 Delaware Point,Melaka,Brazil,73130-280
325-665-5111,Trixy Adolthine,72459 Brown Street,Cogreg Wetan,Brazil,73130-148
340-292-1006,Hasheem Mennithorp,48888 Twin Pines Alley,Dali,Brazil,73130-244
847-713-0681,Hetti Keyte,05003 Haas Place,Liushun,Brazil,73130-199
214-753-1719,Nevsa Trett,99 Gale Junction,Huangbao,Brazil,73130-154
135-785-2422,Ali Harrington,2493 Lukken Street,Siumate,Brazil,73368-162
322-489-2393,Rona Brussels,2921 Longview Pass,Một Ngàn,Brazil,73368-150
156-833-4435,Milt Montez,80 Muir Circle,Denov,Brazil,73130-262
290-317-3014,Andonis Firby,533 Lunder Street,Lopar,Brazil,73130-400
519-166-0009,Leonora Draycott,0281 Pennsylvania Plaza,Jukui,Brazil,73130-101
113-896-8712,Ashil Munt,14504 Almo Crossing,Al Judayrah,Brazil,73130-226
257-331-5370,Sly Andrelli,6 Bobwhite Terrace,Hangbu,Brazil,73130-136
783-553-0467,Tammi Iacomo,8034 Fuller Drive,Wolofeo,Brazil,73130-148
515-279-5259,Rosabelle Axtonne,56497 Pepper Wood Street,Sanxi,Brazil,73130-127
777-522-7809,Dawn Nosworthy,0525 Sugar Terrace,Lastoursville,Brazil,73130-235
159-758-4947,Briano Akast,063 Thackeray Drive,Huangfang,Brazil,73130-121
950-624-9674,Dayna Diemer,416 Forster Center,Dokuchayevs’k,Brazil,73130-247
957-712-7707,Symon Down,1318 Clyde Gallagher Terrace,Shangyang,Brazil,73368-142
305-139-1746,Porter Garrit,519 Elgar Court,Leipzig,Brazil,73130-157
779-624-0599,Ysabel Kilvington,7 Reindahl Crossing,Aston,Brazil,73130-106
894-688-9549,Wald Sango,880 Fordem Lane,Bulog,Brazil,73130-241
357-898-8570,Nikos Pettegre,2615 Mosinee Center,Dogonbadan,Brazil,73368-164
478-975-4177,Shane Asplin,032 Stone Corner Parkway,Macon,Brazil,73130-325
194-131-9940,Kendra Pavic,98306 Moulton Plaza,Donim,Brazil,73130-295
988-238-5471,Polly Gligori,089 Butterfield Trail,San Rafael,Brazil,73130-283
820-200-9621,Moria Bumby,41071 Lake View Trail,Perpignan,Brazil,73130-268
825-933-9998,Berkeley Rydings,8 Beilfuss Place,Dolno Palčište,Brazil,73130-187
679-957-2406,Bel Powling,5617 Maple Crossing,Khlong Sam Wa,Brazil,73130-391
934-495-3964,Else Bilsland,009 Dorton Drive,Trindade,Brazil,73368-160
889-788-3868,Jabez McReynolds,517 Lake View Circle,Sarzedo,Brazil,73130-358
614-184-0698,Cooper Shew,85027 Myrtle Avenue,Guanmian,Brazil,73130-403
312-617-7472,Albie Filan,2 Debs Way,Lanxi,Brazil,73130-331
211-470-5923,Dore Storrie,99 Dottie Trail,Caraballeda,Brazil,73130-298
817-963-9433,Fredrick Eiler,33 Basil Circle,Fort Worth,Brazil,73130-214
766-885-7451,Adria Loade,6 Fieldstone Lane,Blendis,Brazil,73130-112
123-190-5452,Romeo Alabastar,63063 Eagan Pass,Shakhtars’k,Brazil,73130-394
916-202-9040,Rudolph Winters,41 Magdeline Point,Sacramento,Brazil,73368-130
362-706-5657,Austin Winckles,8 Spenser Pass,Heihe,Brazil,73368-150
502-208-9386,Alfy Blackleech,20436 Redwing Junction,Gori,Brazil,73368-132
759-676-4214,Clarisse Leatherborrow,7 Hoffman Circle,Fengshan,Brazil,73130-101
599-132-2183,Karoline Sore,3104 Menomonie Lane,Cuito,Brazil,73130-193
189-120-2273,Richmond Beswick,22 Springview Drive,Amiens,Brazil,73130-178
950-562-0772,Olivia Langfitt,4 Homewood Pass,Belyy Yar,Brazil,73130-196
779-649-6104,Elfie Arrundale,81 Stang Alley,Gammad,Brazil,73368-160
330-776-7230,Ermin Fierman,5 Northport Street,San José de Mayo,Brazil,73130-394
556-361-2446,Amabelle Message,07 Tomscot Place,Palmar de Varela,Brazil,73130-101
653-549-4078,Mildrid Collinette,5 Monument Avenue,Slavyansk-na-Kubani,Brazil,73130-319
420-118-6778,Jennie Dewire,11045 High Crossing Drive,Huaqiu,Brazil,73368-144
206-719-7657,Jack Pouton,0 Autumn Leaf Junction,Pidigan,Brazil,73130-169
489-801-9975,Benoite Arents,1149 Thackeray Way,Acandí,Brazil,73130-010
692-134-1481,Ag Coster,67 Evergreen Street,Svislach,Brazil,73130-265
344-212-0089,Sara Brockbank,9139 Lukken Drive,Krajan Alasdowo,Brazil,73130-241
837-129-1430,Berni Budden,49095 Oak Valley Drive,Tsukuba,Brazil,73130-142
961-734-1133,Helli Cockarill,36 Cody Trail,Villa Castelli,Brazil,73130-163
441-397-7473,Morna De La Haye,37019 Nevada Parkway,Jalasenga,Brazil,73368-122
198-919-2412,Herc Spellacy,29 Marquette Hill,La Uvita,Brazil,73130-250
517-140-5236,Leupold Carrel,1907 Loeprich Pass,Panjāb,Brazil,73130-277
107-340-6657,Walsh Kynder,11041 Doe Crossing Court,Granada,Brazil,73130-388
773-932-4082,Luise Blackway,4 Clemons Lane,Cilebang Satu,Brazil,73368-142
900-190-1127,Jess Venus,09 Banding Avenue,Noebesa,Brazil,73130-331
197-671-5669,Barrett Jefferys,87 Spaight Place,Nantes,Brazil,73130-343
401-103-8684,Herman Verrills,2 Maryland Road,Tsaghkahovit,Brazil,73130-145
713-171-0111,Benni Gilchrest,385 Hansons Pass,Krzeczów,Brazil,73130-277
315-292-2399,Shel Lequeux,789 Jackson Court,Communal,Brazil,73130-247
468-849-0763,Meredith Matusovsky,6295 Armistice Plaza,Mramani,Brazil,73130-103
972-956-3386,Wendie Yonge,752 Kingsford Way,Kaduranca,Brazil,73130-385
513-624-0179,Nick Stenner,01442 Merry Hill,Cincinnati,Brazil,73368-142
686-278-8946,Matthieu Nestoruk,889 Straubel Plaza,Jiangzao,Brazil,73130-118
766-423-2108,Kitti Andriuzzi,87 Eastwood Trail,Tarrafal,Brazil,73130-196
288-566-7980,Alvera Van Hesteren,09629 Jackson Alley,La Mesa,Brazil,73130-900
406-625-5380,Tommi Youens,4949 Hintze Parkway,Egindiköl,Brazil,73130-277
304-548-5085,Suzette Lyford,11867 Michigan Lane,Cikendi,Brazil,73130-226
220-694-4217,Randolf Garrould,2174 Steensland Pass,Tobias Fornier,Brazil,73368-130
954-251-3871,Eduino Bierton,068 Laurel Terrace,Cabak Satu,Brazil,73130-358
175-232-2374,Kiley Bergeon,965 Union Avenue,Liudong,Brazil,73130-247
810-406-8320,Mattie Chesterman,4 Lerdahl Alley,Fushë-Muhurr,Brazil,73130-355
355-263-5012,Trula Coneybeare,55 Rieder Lane,Zernograd,Brazil,73130-286
691-927-7966,Ingra Mahaddie,911 West Street,Kisasa,Brazil,73130-400
342-144-7463,Christiano Pettiward,6 Ryan Drive,Iznoski,Brazil,73130-178
901-990-9789,Ronda Bockh,1252 Nevada Crossing,Gračac,Brazil,73368-162
800-778-3146,Rolph Pideon,775 Cordelia Pass,Kárystos,Brazil,73130-241
210-246-6619,Dorie Ribchester,8761 Dwight Trail,San Antonio,Brazil,73130-310
385-993-5805,Norine Lownie,6550 Lakewood Gardens Street,Chimanimani,Brazil,73130-319
352-851-9644,Beatrix Wurz,096 Gale Drive,Buckland,Brazil,73130-244
424-563-1118,Sayre Rembaud,962 Waywood Alley,Nasīrābād,Brazil,73130-223
128-244-9130,Tim Skeen,44742 Sundown Court,Íos,Brazil,73130-124
431-380-4664,Kevon Ivanovic,4 Acker Terrace,Janakkala,Brazil,73130-217
453-220-0741,Gabrielle Bromehed,25 Pine View Junction,Nova Prata,Brazil,73368-112
199-903-8836,Karyl Chevin,67 Harbort Street,Dukhovshchina,Brazil,73130-229
110-860-7575,Jaquith Enderle,3718 Longview Trail,Shenglilu,Brazil,73130-214
571-233-8210,Chloe Medlen,4170 Beilfuss Place,Taquaritinga,Brazil,73130-349
702-203-7097,Vi Mateescu,72 Village Green Center,Thị Trấn Hà Trung,Brazil,73130-385
768-331-9708,Freddy Chern,452 Nelson Parkway,Sérvia,Brazil,73130-217
295-595-7778,Kelila Shearsby,8 Arrowood Crossing,Kaduluhur,Brazil,73130-346
508-188-9419,Kipp Leathem,264 Vahlen Road,Dřiteň,Brazil,73130-280
202-128-4587,Enoch Gibbons,56 Clyde Gallagher Avenue,Washington,Brazil,73130-139
812-575-5359,Anson Maymand,9753 David Terrace,Evansville,Brazil,73130-268
291-795-5508,Dill Matyushonok,45 Basil Road,Iturama,Brazil,73368-110
998-140-8806,Gill Ferronet,463 Linden Parkway,Dasht-e Archī,Brazil,73130-247
639-947-8220,Bren Nesfield,3183 Kinsman Parkway,Kapunduk,Brazil,73130-292
244-585-4596,Randy Deeney,72 Oriole Alley,Syanno,Brazil,73130-328
971-824-1028,Haily Rickerby,07 Schmedeman Crossing,Portland,Brazil,73130-187
832-446-2081,Glendon Baysting,0729 Coleman Pass,Dayuan,Brazil,73130-127
427-164-3108,Fitzgerald Harmstone,64824 Lawn Road,New Washington,Brazil,73368-144
531-425-6124,Darren Bidmead,3 Stuart Court,San Isidro,Brazil,73130-226
394-181-7477,Tressa Trinbey,32 Ryan Circle,Xitieshan,Brazil,73130-292
247-260-3635,Robbyn Paridge,4 Holy Cross Drive,Paris 10,Brazil,73130-106
467-468-3252,Ezekiel Gerlack,87 Mcguire Circle,Ondo,Brazil,73130-322
831-129-5134,Dianemarie Watkinson,93388 Killdeer Place,Oslo,Brazil,73130-148
262-702-9742,Mick Jelfs,33 Blue Bill Park Center,Nilópolis,Brazil,73368-152
751-232-1606,Thebault McGinnell,3181 Corry Avenue,Gibgos,Brazil,73130-382
426-287-1462,Mattheus Romanin,2 Ridge Oak Terrace,Julcamarca,Brazil,73130-154
998-122-1908,Case Hubberstey,570 Mallory Street,Sidomulyo,Brazil,73130-163
582-694-9878,Corene Silcox,51860 Dapin Avenue,Zarzis,Brazil,73368-144
620-406-5347,Crista Tatum,6620 Stoughton Circle,Jiefangyan,Brazil,73130-382
680-768-9821,Adeline Marages,79429 Hoepker Alley,Quinchía,Brazil,73130-295
512-721-3105,Leupold Conrart,4 Hoffman Circle,Golcowa,Brazil,73130-250
435-263-2119,Curry Slide,9029 3rd Terrace,Sirghāyā,Brazil,73130-101
420-851-9335,Teador Barabich,6707 Sloan Road,Tianmuhu,Brazil,73130-199
467-503-5388,Porter Garioch,8064 Gale Street,Douba,Brazil,73130-175
508-534-7736,Nanni Ashbe,4 Oak Valley Avenue,Kutacane,Brazil,73130-229
885-818-1591,Janka Swatheridge,2221 Monica Avenue,Nîmes,Brazil,73130-109
683-423-0286,Courtney Derisley,34 Killdeer Hill,La Tour-du-Pin,Brazil,73130-271
681-237-1770,Reinwald Tibbotts,1 Tony Plaza,Seres,Brazil,73130-343
357-117-7361,Ava Frosch,33 Blaine Hill,Siemiechów,Brazil,73130-900
236-379-4775,Flin Friese,0 Heath Junction,Tazemmourt,Brazil,73130-358
413-493-0708,Tammy Letchmore,81364 Ilene Trail,Ervedosa do Douro,Brazil,73130-121
366-461-3356,Karylin Stoffers,1012 Portage Street,Limbangan,Brazil,73130-364
